This file contains any messages produced by compilers while
running configure, to aid debugging if configure makes a mistake.

It was created by lldpd configure a3bfd10-dirty, which was
generated by GNU Autoconf 2.71.  Invocation command line was

  $ ./configure --prefix=/usr --disable-silent-rules

## --------- ##
## Platform. ##
## --------- ##

hostname = runnervmnay03
uname -m = x86_64
uname -r = 6.14.0-1017-azure
uname -s = Linux
uname -v = #17~24.04.1-Ubuntu SMP Mon Dec  1 20:10:50 UTC 2025

/usr/bin/uname -p = x86_64
/bin/uname -X     = unknown

/bin/arch              = x86_64
/usr/bin/arch -k       = unknown
/usr/convex/getsysinfo = unknown
/usr/bin/hostinfo      = unknown
/bin/machine           = unknown
/usr/bin/oslevel       = unknown
/bin/universe          = unknown

PATH: /home/runner/work/_temp/ghcca-node/node/bin/
PATH: /snap/bin/
PATH: /home/runner/.local/bin/
PATH: /opt/pipx_bin/
PATH: /home/runner/.cargo/bin/
PATH: /home/runner/.config/composer/vendor/bin/
PATH: /usr/local/.ghcup/bin/
PATH: /home/runner/.dotnet/tools/
PATH: /usr/local/sbin/
PATH: /usr/local/bin/
PATH: /usr/sbin/
PATH: /usr/bin/
PATH: /sbin/
PATH: /bin/
PATH: /usr/games/
PATH: /usr/local/games/
PATH: /snap/bin/


## ----------- ##
## Core tests. ##
## ----------- ##

configure:2888: looking for aux files: config.guess config.sub ltmain.sh compile ar-lib missing install-sh
configure:2901:  trying ./
configure:2930:   ./config.guess found
configure:2930:   ./config.sub found
configure:2930:   ./ltmain.sh found
configure:2930:   ./compile found
configure:2930:   ./ar-lib found
configure:2930:   ./missing found
configure:2912:   ./install-sh found
configure:3070: checking for a BSD-compatible install
configure:3143: result: /usr/bin/install -c
configure:3154: checking whether build environment is sane
configure:3209: result: yes
configure:3368: checking for a race-free mkdir -p
configure:3412: result: /usr/bin/mkdir -p
configure:3419: checking for gawk
configure:3440: found /usr/bin/gawk
configure:3451: result: gawk
configure:3462: checking whether make sets $(MAKE)
configure:3485: result: yes
configure:3515: checking whether make supports nested variables
configure:3533: result: yes
configure:3618: checking whether UID '1001' is supported by ustar format
configure:3621: result: yes
configure:3628: checking whether GID '1001' is supported by ustar format
configure:3631: result: yes
configure:3639: checking how to create a ustar tar archive
configure:3650: tar --version
tar (GNU tar) 1.35
Copyright (C) 2023 Free Software Foundation, Inc.
License GPLv3+: GNU GPL version 3 or later <https://gnu.org/licenses/gpl.html>.
This is free software: you are free to change and redistribute it.
There is NO WARRANTY, to the extent permitted by law.

Written by John Gilmore and Jay Fenlason.
configure:3653: $? = 0
configure:3693: tardir=conftest.dir && eval tar --format=ustar -chf - "$tardir" >conftest.tar
configure:3696: $? = 0
configure:3700: tar -xf - <conftest.tar
configure:3703: $? = 0
configure:3705: cat conftest.dir/file
GrepMe
configure:3708: $? = 0
configure:3722: result: gnutar
configure:3787: checking whether to enable maintainer-specific portions of Makefiles
configure:3797: result: no
configure:3822: checking whether make supports nested variables
configure:3840: result: yes
configure:3867: checking whether make supports the include directive
configure:3882: make -f confmf.GNU && cat confinc.out
this is the am__doit target
configure:3885: $? = 0
configure:3904: result: yes (GNU style)
configure:3980: checking for gcc
configure:4001: found /usr/bin/gcc
configure:4012: result: gcc
configure:4365: checking for C compiler version
configure:4374: gcc --version >&5
gcc (Ubuntu 13.3.0-6ubuntu2~24.04.1) 13.3.0
Copyright (C) 2023 Free Software Foundation, Inc.
This is free software; see the source for copying conditions.  There is NO
warranty; not even for MERCHANTABILITY or FITNESS FOR A PARTICULAR PURPOSE.

configure:4385: $? = 0
configure:4374: gcc -v >&5
Using built-in specs.
COLLECT_GCC=gcc
COLLECT_LTO_WRAPPER=/usr/libexec/gcc/x86_64-linux-gnu/13/lto-wrapper
OFFLOAD_TARGET_NAMES=nvptx-none:amdgcn-amdhsa
OFFLOAD_TARGET_DEFAULT=1
Target: x86_64-linux-gnu
Configured with: ../src/configure -v --with-pkgversion='Ubuntu 13.3.0-6ubuntu2~24.04.1' --with-bugurl=file:///usr/share/doc/gcc-13/README.Bugs --enable-languages=c,ada,c++,go,d,fortran,objc,obj-c++,m2 --prefix=/usr --with-gcc-major-version-only --program-suffix=-13 --program-prefix=x86_64-linux-gnu- --enable-shared --enable-linker-build-id --libexecdir=/usr/libexec --without-included-gettext --enable-threads=posix --libdir=/usr/lib --enable-nls --enable-bootstrap --enable-clocale=gnu --enable-libstdcxx-debug --enable-libstdcxx-time=yes --with-default-libstdcxx-abi=new --enable-libstdcxx-backtrace --enable-gnu-unique-object --disable-vtable-verify --enable-plugin --enable-default-pie --with-system-zlib --enable-libphobos-checking=release --with-target-system-zlib=auto --enable-objc-gc=auto --enable-multiarch --disable-werror --enable-cet --with-arch-32=i686 --with-abi=m64 --with-multilib-list=m32,m64,mx32 --enable-multilib --with-tune=generic --enable-offload-targets=nvptx-none=/build/gcc-13-EldibY/gcc-13-13.3.0/debian/tmp-nvptx/usr,amdgcn-amdhsa=/build/gcc-13-EldibY/gcc-13-13.3.0/debian/tmp-gcn/usr --enable-offload-defaulted --without-cuda-driver --enable-checking=release --build=x86_64-linux-gnu --host=x86_64-linux-gnu --target=x86_64-linux-gnu --with-build-config=bootstrap-lto-lean --enable-link-serialization=2
Thread model: posix
Supported LTO compression algorithms: zlib zstd
gcc version 13.3.0 (Ubuntu 13.3.0-6ubuntu2~24.04.1) 
... rest of stderr output deleted ...
configure:4385: $? = 0
configure:4374: gcc -V >&5
gcc: error: unrecognized command-line option '-V'
gcc: fatal error: no input files
compilation terminated.
configure:4385: $? = 1
configure:4374: gcc -qversion >&5
gcc: error: unrecognized command-line option '-qversion'; did you mean '--version'?
gcc: fatal error: no input files
compilation terminated.
configure:4385: $? = 1
configure:4374: gcc -version >&5
gcc: error: unrecognized command-line option '-version'
gcc: fatal error: no input files
compilation terminated.
configure:4385: $? = 1
configure:4405: checking whether the C compiler works
configure:4427: gcc    conftest.c  >&5
configure:4431: $? = 0
configure:4481: result: yes
configure:4484: checking for C compiler default output file name
configure:4486: result: a.out
configure:4492: checking for suffix of executables
configure:4499: gcc -o conftest    conftest.c  >&5
configure:4503: $? = 0
configure:4526: result: 
configure:4548: checking whether we are cross compiling
configure:4556: gcc -o conftest    conftest.c  >&5
configure:4560: $? = 0
configure:4567: ./conftest
configure:4571: $? = 0
configure:4586: result: no
configure:4591: checking for suffix of object files
configure:4614: gcc -c   conftest.c >&5
configure:4618: $? = 0
configure:4640: result: o
configure:4644: checking whether the compiler supports GNU C
configure:4664: gcc -c   conftest.c >&5
configure:4664: $? = 0
configure:4674: result: yes
configure:4685: checking whether gcc accepts -g
configure:4706: gcc -c -g  conftest.c >&5
configure:4706: $? = 0
configure:4750: result: yes
configure:4770: checking for gcc option to enable C11 features
configure:4785: gcc  -c -g -O2  conftest.c >&5
configure:4785: $? = 0
configure:4803: result: none needed
configure:4919: checking whether gcc understands -c and -o together
configure:4942: gcc -c conftest.c -o conftest2.o
configure:4945: $? = 0
configure:4942: gcc -c conftest.c -o conftest2.o
configure:4945: $? = 0
configure:4957: result: yes
configure:4976: checking dependency style of gcc
configure:5088: result: gcc3
configure:5159: checking for ar
configure:5180: found /usr/bin/ar
configure:5191: result: ar
configure:5217: checking the archiver (ar) interface
configure:5234: gcc -c -g -O2  conftest.c >&5
configure:5234: $? = 0
configure:5237: ar cru libconftest.a conftest.o >&5
ar: `u' modifier ignored since `D' is the default (see `U')
configure:5240: $? = 0
configure:5268: result: ar
configure:5322: checking build system type
configure:5337: result: x86_64-pc-linux-gnu
configure:5357: checking host system type
configure:5371: result: x86_64-pc-linux-gnu
configure:5412: checking how to print strings
configure:5439: result: printf
configure:5460: checking for a sed that does not truncate output
configure:5530: result: /usr/bin/sed
configure:5548: checking for grep that handles long lines and -e
configure:5612: result: /usr/bin/grep
configure:5617: checking for egrep
configure:5685: result: /usr/bin/grep -E
configure:5690: checking for fgrep
configure:5758: result: /usr/bin/grep -F
configure:5794: checking for ld used by gcc
configure:5862: result: /usr/bin/ld
configure:5869: checking if the linker (/usr/bin/ld) is GNU ld
configure:5885: result: yes
configure:5897: checking for BSD- or MS-compatible name lister (nm)
configure:5952: result: /usr/bin/nm -B
configure:6092: checking the name lister (/usr/bin/nm -B) interface
configure:6100: gcc -c -g -O2  conftest.c >&5
configure:6103: /usr/bin/nm -B "conftest.o"
configure:6106: output
0000000000000000 B some_variable
configure:6113: result: BSD nm
configure:6116: checking whether ln -s works
configure:6120: result: yes
configure:6128: checking the maximum length of command line arguments
configure:6260: result: 3145728
configure:6308: checking how to convert x86_64-pc-linux-gnu file names to x86_64-pc-linux-gnu format
configure:6349: result: func_convert_file_noop
configure:6356: checking how to convert x86_64-pc-linux-gnu file names to toolchain format
configure:6377: result: func_convert_file_noop
configure:6384: checking for /usr/bin/ld option to reload object files
configure:6392: result: -r
configure:6471: checking for file
configure:6492: found /usr/bin/file
configure:6503: result: file
configure:6579: checking for objdump
configure:6600: found /usr/bin/objdump
configure:6611: result: objdump
configure:6643: checking how to recognize dependent libraries
configure:6844: result: pass_all
configure:6934: checking for dlltool
configure:6969: result: no
configure:6999: checking how to associate runtime and link libraries
configure:7027: result: printf %s\n
configure:7177: checking for archiver @FILE support
configure:7195: gcc -c -g -O2  conftest.c >&5
configure:7195: $? = 0
configure:7199: ar cr libconftest.a @conftest.lst >&5
configure:7202: $? = 0
configure:7207: ar cr libconftest.a @conftest.lst >&5
ar: conftest.o: No such file or directory
configure:7210: $? = 1
configure:7222: result: @
configure:7285: checking for strip
configure:7306: found /usr/bin/strip
configure:7317: result: strip
configure:7394: checking for ranlib
configure:7415: found /usr/bin/ranlib
configure:7426: result: ranlib
configure:7528: checking command to parse /usr/bin/nm -B output from gcc object
configure:7682: gcc -c -g -O2  conftest.c >&5
configure:7685: $? = 0
configure:7689: /usr/bin/nm -B conftest.o | /usr/bin/sed -n -e 's/^.*[	 ]\([ABCDGIRSTW][ABCDGIRSTW]*\)[	 ][	 ]*\([_A-Za-z][_A-Za-z0-9]*\)$/\1 \2 \2/p' | /usr/bin/sed '/ __gnu_lto/d' > conftest.nm
configure:7755: gcc -o conftest -g -O2   conftest.c conftstm.o >&5
configure:7758: $? = 0
configure:7796: result: ok
configure:7843: checking for sysroot
configure:7874: result: no
configure:7881: checking for a working dd
configure:7925: result: /usr/bin/dd
configure:7929: checking how to truncate binary pipes
configure:7945: result: /usr/bin/dd bs=4096 count=1
configure:8082: gcc -c -g -O2  conftest.c >&5
configure:8085: $? = 0
configure:8282: checking for mt
configure:8303: found /usr/bin/mt
configure:8314: result: mt
configure:8337: checking if mt is a manifest tool
configure:8344: mt '-?'
configure:8352: result: no
configure:9077: checking for stdio.h
configure:9077: gcc -c -g -O2  conftest.c >&5
configure:9077: $? = 0
configure:9077: result: yes
configure:9077: checking for stdlib.h
configure:9077: gcc -c -g -O2  conftest.c >&5
configure:9077: $? = 0
configure:9077: result: yes
configure:9077: checking for string.h
configure:9077: gcc -c -g -O2  conftest.c >&5
configure:9077: $? = 0
configure:9077: result: yes
configure:9077: checking for inttypes.h
configure:9077: gcc -c -g -O2  conftest.c >&5
configure:9077: $? = 0
configure:9077: result: yes
configure:9077: checking for stdint.h
configure:9077: gcc -c -g -O2  conftest.c >&5
configure:9077: $? = 0
configure:9077: result: yes
configure:9077: checking for strings.h
configure:9077: gcc -c -g -O2  conftest.c >&5
configure:9077: $? = 0
configure:9077: result: yes
configure:9077: checking for sys/stat.h
configure:9077: gcc -c -g -O2  conftest.c >&5
configure:9077: $? = 0
configure:9077: result: yes
configure:9077: checking for sys/types.h
configure:9077: gcc -c -g -O2  conftest.c >&5
configure:9077: $? = 0
configure:9077: result: yes
configure:9077: checking for unistd.h
configure:9077: gcc -c -g -O2  conftest.c >&5
configure:9077: $? = 0
configure:9077: result: yes
configure:9077: checking for vfork.h
configure:9077: gcc -c -g -O2  conftest.c >&5
conftest.c:48:10: fatal error: vfork.h: No such file or directory
   48 | #include <vfork.h>
      |          ^~~~~~~~~
compilation terminated.
configure:9077: $? = 1
configure: failed program was:
| /* confdefs.h */
| #define PACKAGE_NAME "lldpd"
| #define PACKAGE_TARNAME "lldpd"
| #define PACKAGE_VERSION "a3bfd10-dirty"
| #define PACKAGE_STRING "lldpd a3bfd10-dirty"
| #define PACKAGE_BUGREPORT "https://github.com/lldpd/lldpd/issues"
| #define PACKAGE_URL "https://lldpd.github.io/"
| #define PACKAGE "lldpd"
| #define VERSION "a3bfd10-dirty"
| #define HAVE_STDIO_H 1
| #define HAVE_STDLIB_H 1
| #define HAVE_STRING_H 1
| #define HAVE_INTTYPES_H 1
| #define HAVE_STDINT_H 1
| #define HAVE_STRINGS_H 1
| #define HAVE_SYS_STAT_H 1
| #define HAVE_SYS_TYPES_H 1
| #define HAVE_UNISTD_H 1
| /* end confdefs.h.  */
| #include <stddef.h>
| #ifdef HAVE_STDIO_H
| # include <stdio.h>
| #endif
| #ifdef HAVE_STDLIB_H
| # include <stdlib.h>
| #endif
| #ifdef HAVE_STRING_H
| # include <string.h>
| #endif
| #ifdef HAVE_INTTYPES_H
| # include <inttypes.h>
| #endif
| #ifdef HAVE_STDINT_H
| # include <stdint.h>
| #endif
| #ifdef HAVE_STRINGS_H
| # include <strings.h>
| #endif
| #ifdef HAVE_SYS_TYPES_H
| # include <sys/types.h>
| #endif
| #ifdef HAVE_SYS_STAT_H
| # include <sys/stat.h>
| #endif
| #ifdef HAVE_UNISTD_H
| # include <unistd.h>
| #endif
| #include <vfork.h>
configure:9077: result: no
configure:9102: checking for dlfcn.h
configure:9102: gcc -c -g -O2  conftest.c >&5
configure:9102: $? = 0
configure:9102: result: yes
configure:9361: checking for objdir
configure:9377: result: .libs
configure:9641: checking if gcc supports -fno-rtti -fno-exceptions
configure:9660: gcc -c -g -O2  -fno-rtti -fno-exceptions conftest.c >&5
cc1: warning: command-line option '-fno-rtti' is valid for C++/D/ObjC++ but not for C
configure:9664: $? = 0
configure:9677: result: no
configure:10041: checking for gcc option to produce PIC
configure:10049: result: -fPIC -DPIC
configure:10057: checking if gcc PIC flag -fPIC -DPIC works
configure:10076: gcc -c -g -O2  -fPIC -DPIC -DPIC conftest.c >&5
configure:10080: $? = 0
configure:10093: result: yes
configure:10122: checking if gcc static flag -static works
configure:10151: result: yes
configure:10166: checking if gcc supports -c -o file.o
configure:10188: gcc -c -g -O2  -o out/conftest2.o conftest.c >&5
configure:10192: $? = 0
configure:10214: result: yes
configure:10222: checking if gcc supports -c -o file.o
configure:10270: result: yes
configure:10303: checking whether the gcc linker (/usr/bin/ld -m elf_x86_64) supports shared libraries
configure:11577: result: yes
configure:11614: checking whether -lc should be explicitly linked in
configure:11623: gcc -c -g -O2  conftest.c >&5
configure:11626: $? = 0
configure:11641: gcc -shared  -fPIC -DPIC conftest.o  -v -Wl,-soname -Wl,conftest -o conftest 2\>\&1 \| /usr/bin/grep  -lc  \>/dev/null 2\>\&1
configure:11644: $? = 0
configure:11658: result: no
configure:11818: checking dynamic linker characteristics
configure:12400: gcc -o conftest -g -O2   -Wl,-rpath -Wl,/foo conftest.c  >&5
configure:12400: $? = 0
configure:12651: result: GNU/Linux ld.so
configure:12773: checking how to hardcode library paths into programs
configure:12798: result: immediate
configure:13350: checking whether stripping libraries is possible
configure:13359: result: yes
configure:13401: checking if libtool supports shared libraries
configure:13403: result: yes
configure:13406: checking whether to build shared libraries
configure:13431: result: yes
configure:13434: checking whether to build static libraries
configure:13438: result: yes
configure:13485: checking if LD -Wl,--version-script works
configure:13503: gcc -o conftest -g -O2   -Wl,--version-script=conftest.map conftest.c  >&5
/usr/bin/ld:conftest.map:0: syntax error in VERSION script
collect2: error: ld returned 1 exit status
configure:13503: $? = 1
configure: failed program was:
| /* confdefs.h */
| #define PACKAGE_NAME "lldpd"
| #define PACKAGE_TARNAME "lldpd"
| #define PACKAGE_VERSION "a3bfd10-dirty"
| #define PACKAGE_STRING "lldpd a3bfd10-dirty"
| #define PACKAGE_BUGREPORT "https://github.com/lldpd/lldpd/issues"
| #define PACKAGE_URL "https://lldpd.github.io/"
| #define PACKAGE "lldpd"
| #define VERSION "a3bfd10-dirty"
| #define HAVE_STDIO_H 1
| #define HAVE_STDLIB_H 1
| #define HAVE_STRING_H 1
| #define HAVE_INTTYPES_H 1
| #define HAVE_STDINT_H 1
| #define HAVE_STRINGS_H 1
| #define HAVE_SYS_STAT_H 1
| #define HAVE_SYS_TYPES_H 1
| #define HAVE_UNISTD_H 1
| #define STDC_HEADERS 1
| #define HAVE_DLFCN_H 1
| #define LT_OBJDIR ".libs/"
| /* end confdefs.h.  */
| 
| int
| main (void)
| {
| 
|   ;
|   return 0;
| }
configure:13534: gcc -o conftest -g -O2   -Wl,--version-script=conftest.map conftest.c  >&5
configure:13534: $? = 0
configure:13550: result: yes
configure:13621: checking for gcc
configure:13653: result: gcc
configure:14006: checking for C compiler version
configure:14015: gcc --version >&5
gcc (Ubuntu 13.3.0-6ubuntu2~24.04.1) 13.3.0
Copyright (C) 2023 Free Software Foundation, Inc.
This is free software; see the source for copying conditions.  There is NO
warranty; not even for MERCHANTABILITY or FITNESS FOR A PARTICULAR PURPOSE.

configure:14026: $? = 0
configure:14015: gcc -v >&5
Using built-in specs.
COLLECT_GCC=gcc
COLLECT_LTO_WRAPPER=/usr/libexec/gcc/x86_64-linux-gnu/13/lto-wrapper
OFFLOAD_TARGET_NAMES=nvptx-none:amdgcn-amdhsa
OFFLOAD_TARGET_DEFAULT=1
Target: x86_64-linux-gnu
Configured with: ../src/configure -v --with-pkgversion='Ubuntu 13.3.0-6ubuntu2~24.04.1' --with-bugurl=file:///usr/share/doc/gcc-13/README.Bugs --enable-languages=c,ada,c++,go,d,fortran,objc,obj-c++,m2 --prefix=/usr --with-gcc-major-version-only --program-suffix=-13 --program-prefix=x86_64-linux-gnu- --enable-shared --enable-linker-build-id --libexecdir=/usr/libexec --without-included-gettext --enable-threads=posix --libdir=/usr/lib --enable-nls --enable-bootstrap --enable-clocale=gnu --enable-libstdcxx-debug --enable-libstdcxx-time=yes --with-default-libstdcxx-abi=new --enable-libstdcxx-backtrace --enable-gnu-unique-object --disable-vtable-verify --enable-plugin --enable-default-pie --with-system-zlib --enable-libphobos-checking=release --with-target-system-zlib=auto --enable-objc-gc=auto --enable-multiarch --disable-werror --enable-cet --with-arch-32=i686 --with-abi=m64 --with-multilib-list=m32,m64,mx32 --enable-multilib --with-tune=generic --enable-offload-targets=nvptx-none=/build/gcc-13-EldibY/gcc-13-13.3.0/debian/tmp-nvptx/usr,amdgcn-amdhsa=/build/gcc-13-EldibY/gcc-13-13.3.0/debian/tmp-gcn/usr --enable-offload-defaulted --without-cuda-driver --enable-checking=release --build=x86_64-linux-gnu --host=x86_64-linux-gnu --target=x86_64-linux-gnu --with-build-config=bootstrap-lto-lean --enable-link-serialization=2
Thread model: posix
Supported LTO compression algorithms: zlib zstd
gcc version 13.3.0 (Ubuntu 13.3.0-6ubuntu2~24.04.1) 
... rest of stderr output deleted ...
configure:14026: $? = 0
configure:14015: gcc -V >&5
gcc: error: unrecognized command-line option '-V'
gcc: fatal error: no input files
compilation terminated.
configure:14026: $? = 1
configure:14015: gcc -qversion >&5
gcc: error: unrecognized command-line option '-qversion'; did you mean '--version'?
gcc: fatal error: no input files
compilation terminated.
configure:14026: $? = 1
configure:14015: gcc -version >&5
gcc: error: unrecognized command-line option '-version'
gcc: fatal error: no input files
compilation terminated.
configure:14026: $? = 1
configure:14030: checking whether the compiler supports GNU C
configure:14060: result: yes
configure:14071: checking whether gcc accepts -g
configure:14136: result: yes
configure:14156: checking for gcc option to enable C11 features
configure:14189: result: none needed
configure:14305: checking whether gcc understands -c and -o together
configure:14343: result: yes
configure:14362: checking dependency style of gcc
configure:14474: result: gcc3
configure:14504: checking how to run the C preprocessor
configure:14530: gcc -E  conftest.c
configure:14530: $? = 0
configure:14545: gcc -E  conftest.c
conftest.c:23:10: fatal error: ac_nonexistent.h: No such file or directory
   23 | #include <ac_nonexistent.h>
      |          ^~~~~~~~~~~~~~~~~~
compilation terminated.
configure:14545: $? = 1
configure: failed program was:
| /* confdefs.h */
| #define PACKAGE_NAME "lldpd"
| #define PACKAGE_TARNAME "lldpd"
| #define PACKAGE_VERSION "a3bfd10-dirty"
| #define PACKAGE_STRING "lldpd a3bfd10-dirty"
| #define PACKAGE_BUGREPORT "https://github.com/lldpd/lldpd/issues"
| #define PACKAGE_URL "https://lldpd.github.io/"
| #define PACKAGE "lldpd"
| #define VERSION "a3bfd10-dirty"
| #define HAVE_STDIO_H 1
| #define HAVE_STDLIB_H 1
| #define HAVE_STRING_H 1
| #define HAVE_INTTYPES_H 1
| #define HAVE_STDINT_H 1
| #define HAVE_STRINGS_H 1
| #define HAVE_SYS_STAT_H 1
| #define HAVE_SYS_TYPES_H 1
| #define HAVE_UNISTD_H 1
| #define STDC_HEADERS 1
| #define HAVE_DLFCN_H 1
| #define LT_OBJDIR ".libs/"
| /* end confdefs.h.  */
| #include <ac_nonexistent.h>
configure:14572: result: gcc -E
configure:14586: gcc -E  conftest.c
configure:14586: $? = 0
configure:14601: gcc -E  conftest.c
conftest.c:23:10: fatal error: ac_nonexistent.h: No such file or directory
   23 | #include <ac_nonexistent.h>
      |          ^~~~~~~~~~~~~~~~~~
compilation terminated.
configure:14601: $? = 1
configure: failed program was:
| /* confdefs.h */
| #define PACKAGE_NAME "lldpd"
| #define PACKAGE_TARNAME "lldpd"
| #define PACKAGE_VERSION "a3bfd10-dirty"
| #define PACKAGE_STRING "lldpd a3bfd10-dirty"
| #define PACKAGE_BUGREPORT "https://github.com/lldpd/lldpd/issues"
| #define PACKAGE_URL "https://lldpd.github.io/"
| #define PACKAGE "lldpd"
| #define VERSION "a3bfd10-dirty"
| #define HAVE_STDIO_H 1
| #define HAVE_STDLIB_H 1
| #define HAVE_STRING_H 1
| #define HAVE_INTTYPES_H 1
| #define HAVE_STDINT_H 1
| #define HAVE_STRINGS_H 1
| #define HAVE_SYS_STAT_H 1
| #define HAVE_SYS_TYPES_H 1
| #define HAVE_UNISTD_H 1
| #define STDC_HEADERS 1
| #define HAVE_DLFCN_H 1
| #define LT_OBJDIR ".libs/"
| /* end confdefs.h.  */
| #include <ac_nonexistent.h>
configure:14633: checking whether ln -s works
configure:14637: result: yes
configure:14644: checking for egrep
configure:14712: result: /usr/bin/grep -E
configure:14721: checking for gawk
configure:14753: result: gawk
configure:14764: checking for a sed that does not truncate output
configure:14834: result: /usr/bin/sed
configure:14962: checking for doxygen
configure:15000: result: no
configure:15022: WARNING: doxygen not found - will not generate any doxygen documentation
configure:15081: checking for perl
configure:15104: found /usr/bin/perl
configure:15116: result: /usr/bin/perl
configure:16944: checking CFLAGS for gcc -Wunknown-warning-option
configure:16972: gcc -c -g -O2  -pedantic -Werror  -Wunknown-warning-option  conftest.c >&5
gcc: error: unrecognized command-line option '-Wunknown-warning-option'
configure:16972: $? = 1
configure: failed program was:
| /* confdefs.h */
| #define PACKAGE_NAME "lldpd"
| #define PACKAGE_TARNAME "lldpd"
| #define PACKAGE_VERSION "a3bfd10-dirty"
| #define PACKAGE_STRING "lldpd a3bfd10-dirty"
| #define PACKAGE_BUGREPORT "https://github.com/lldpd/lldpd/issues"
| #define PACKAGE_URL "https://lldpd.github.io/"
| #define PACKAGE "lldpd"
| #define VERSION "a3bfd10-dirty"
| #define HAVE_STDIO_H 1
| #define HAVE_STDLIB_H 1
| #define HAVE_STRING_H 1
| #define HAVE_INTTYPES_H 1
| #define HAVE_STDINT_H 1
| #define HAVE_STRINGS_H 1
| #define HAVE_SYS_STAT_H 1
| #define HAVE_SYS_TYPES_H 1
| #define HAVE_UNISTD_H 1
| #define STDC_HEADERS 1
| #define HAVE_DLFCN_H 1
| #define LT_OBJDIR ".libs/"
| /* end confdefs.h.  */
| 
| int
| main (void)
| {
| return 0;
|   ;
|   return 0;
| }
configure:16972: gcc -c -g -O2  -pedantic  -Wunknown-warning-option   conftest.c >&5
gcc: error: unrecognized command-line option '-Wunknown-warning-option'
configure:16972: $? = 1
configure: failed program was:
| /* confdefs.h */
| #define PACKAGE_NAME "lldpd"
| #define PACKAGE_TARNAME "lldpd"
| #define PACKAGE_VERSION "a3bfd10-dirty"
| #define PACKAGE_STRING "lldpd a3bfd10-dirty"
| #define PACKAGE_BUGREPORT "https://github.com/lldpd/lldpd/issues"
| #define PACKAGE_URL "https://lldpd.github.io/"
| #define PACKAGE "lldpd"
| #define VERSION "a3bfd10-dirty"
| #define HAVE_STDIO_H 1
| #define HAVE_STDLIB_H 1
| #define HAVE_STRING_H 1
| #define HAVE_INTTYPES_H 1
| #define HAVE_STDINT_H 1
| #define HAVE_STRINGS_H 1
| #define HAVE_SYS_STAT_H 1
| #define HAVE_SYS_TYPES_H 1
| #define HAVE_UNISTD_H 1
| #define STDC_HEADERS 1
| #define HAVE_DLFCN_H 1
| #define LT_OBJDIR ".libs/"
| /* end confdefs.h.  */
| 
| int
| main (void)
| {
| return 0;
|   ;
|   return 0;
| }
configure:16987: result: no, unknown
configure:17021: checking CFLAGS for gcc -fdiagnostics-show-option
configure:17049: gcc -c -g -O2  -pedantic -Werror  -fdiagnostics-show-option  conftest.c >&5
configure:17049: $? = 0
configure:17064: result: -fdiagnostics-show-option
configure:17084: : LLDP_CFLAGS="$LLDP_CFLAGS ${ac_res}"
configure:17087: $? = 0
configure:17098: checking CFLAGS for gcc -fdiagnostics-color=auto
configure:17126: gcc -c -g -O2  -fdiagnostics-show-option -pedantic -Werror  -fdiagnostics-color=auto  conftest.c >&5
configure:17126: $? = 0
configure:17141: result: -fdiagnostics-color=auto
configure:17161: : LLDP_CFLAGS="$LLDP_CFLAGS ${ac_res}"
configure:17164: $? = 0
configure:17175: checking CFLAGS for gcc -fno-omit-frame-pointer
configure:17203: gcc -c -g -O2  -fdiagnostics-show-option -fdiagnostics-color=auto -pedantic -Werror  -fno-omit-frame-pointer  conftest.c >&5
configure:17203: $? = 0
configure:17218: result: -fno-omit-frame-pointer
configure:17238: : LLDP_CFLAGS="$LLDP_CFLAGS ${ac_res}"
configure:17241: $? = 0
configure:17252: checking CFLAGS for gcc -funsigned-char
configure:17280: gcc -c -g -O2  -fdiagnostics-show-option -fdiagnostics-color=auto -fno-omit-frame-pointer -pedantic -Werror  -funsigned-char  conftest.c >&5
configure:17280: $? = 0
configure:17295: result: -funsigned-char
configure:17315: : LLDP_CFLAGS="$LLDP_CFLAGS ${ac_res}"
configure:17318: $? = 0
configure:17329: checking CFLAGS for gcc -pipe
configure:17357: gcc -c -g -O2  -fdiagnostics-show-option -fdiagnostics-color=auto -fno-omit-frame-pointer -funsigned-char -pedantic -Werror  -pipe  conftest.c >&5
configure:17357: $? = 0
configure:17372: result: -pipe
configure:17392: : LLDP_CFLAGS="$LLDP_CFLAGS ${ac_res}"
configure:17395: $? = 0
configure:17406: checking CFLAGS for gcc -Wall
configure:17434: gcc -c -g -O2  -fdiagnostics-show-option -fdiagnostics-color=auto -fno-omit-frame-pointer -funsigned-char -pipe -pedantic -Werror  -Wall  conftest.c >&5
configure:17434: $? = 0
configure:17449: result: -Wall
configure:17469: : LLDP_CFLAGS="$LLDP_CFLAGS ${ac_res}"
configure:17472: $? = 0
configure:17483: checking CFLAGS for gcc -W
configure:17511: gcc -c -g -O2  -fdiagnostics-show-option -fdiagnostics-color=auto -fno-omit-frame-pointer -funsigned-char -pipe -Wall -pedantic -Werror  -W  conftest.c >&5
configure:17511: $? = 0
configure:17526: result: -W
configure:17546: : LLDP_CFLAGS="$LLDP_CFLAGS ${ac_res}"
configure:17549: $? = 0
configure:17560: checking CFLAGS for gcc -Wextra
configure:17588: gcc -c -g -O2  -fdiagnostics-show-option -fdiagnostics-color=auto -fno-omit-frame-pointer -funsigned-char -pipe -Wall -W -pedantic -Werror  -Wextra  conftest.c >&5
configure:17588: $? = 0
configure:17603: result: -Wextra
configure:17623: : LLDP_CFLAGS="$LLDP_CFLAGS ${ac_res}"
configure:17626: $? = 0
configure:17637: checking CFLAGS for gcc -Wformat
configure:17665: gcc -c -g -O2  -fdiagnostics-show-option -fdiagnostics-color=auto -fno-omit-frame-pointer -funsigned-char -pipe -Wall -W -Wextra -pedantic -Werror  -Wformat  conftest.c >&5
configure:17665: $? = 0
configure:17680: result: -Wformat
configure:17700: : LLDP_CFLAGS="$LLDP_CFLAGS ${ac_res}"
configure:17703: $? = 0
configure:17714: checking CFLAGS for gcc -Wformat-security
configure:17742: gcc -c -g -O2  -fdiagnostics-show-option -fdiagnostics-color=auto -fno-omit-frame-pointer -funsigned-char -pipe -Wall -W -Wextra -Wformat -pedantic -Werror  -Wformat-security  conftest.c >&5
configure:17742: $? = 0
configure:17757: result: -Wformat-security
configure:17777: : LLDP_CFLAGS="$LLDP_CFLAGS ${ac_res}"
configure:17780: $? = 0
configure:17791: checking CFLAGS for gcc -Wimplicit-fallthrough
configure:17819: gcc -c -g -O2  -fdiagnostics-show-option -fdiagnostics-color=auto -fno-omit-frame-pointer -funsigned-char -pipe -Wall -W -Wextra -Wformat -Wformat-security -pedantic -Werror  -Wimplicit-fallthrough  conftest.c >&5
configure:17819: $? = 0
configure:17834: result: -Wimplicit-fallthrough
configure:17854: : LLDP_CFLAGS="$LLDP_CFLAGS ${ac_res}"
configure:17857: $? = 0
configure:17868: checking CFLAGS for gcc -Wfatal-errors
configure:17896: gcc -c -g -O2  -fdiagnostics-show-option -fdiagnostics-color=auto -fno-omit-frame-pointer -funsigned-char -pipe -Wall -W -Wextra -Wformat -Wformat-security -Wimplicit-fallthrough -pedantic -Werror  -Wfatal-errors  conftest.c >&5
configure:17896: $? = 0
configure:17911: result: -Wfatal-errors
configure:17931: : LLDP_CFLAGS="$LLDP_CFLAGS ${ac_res}"
configure:17934: $? = 0
configure:17945: checking CFLAGS for gcc -Wheader-guard
configure:17973: gcc -c -g -O2  -fdiagnostics-show-option -fdiagnostics-color=auto -fno-omit-frame-pointer -funsigned-char -pipe -Wall -W -Wextra -Wformat -Wformat-security -Wimplicit-fallthrough -Wfatal-errors -pedantic -Werror  -Wheader-guard  conftest.c >&5
gcc: error: unrecognized command-line option '-Wheader-guard'
configure:17973: $? = 1
configure: failed program was:
| /* confdefs.h */
| #define PACKAGE_NAME "lldpd"
| #define PACKAGE_TARNAME "lldpd"
| #define PACKAGE_VERSION "a3bfd10-dirty"
| #define PACKAGE_STRING "lldpd a3bfd10-dirty"
| #define PACKAGE_BUGREPORT "https://github.com/lldpd/lldpd/issues"
| #define PACKAGE_URL "https://lldpd.github.io/"
| #define PACKAGE "lldpd"
| #define VERSION "a3bfd10-dirty"
| #define HAVE_STDIO_H 1
| #define HAVE_STDLIB_H 1
| #define HAVE_STRING_H 1
| #define HAVE_INTTYPES_H 1
| #define HAVE_STDINT_H 1
| #define HAVE_STRINGS_H 1
| #define HAVE_SYS_STAT_H 1
| #define HAVE_SYS_TYPES_H 1
| #define HAVE_UNISTD_H 1
| #define STDC_HEADERS 1
| #define HAVE_DLFCN_H 1
| #define LT_OBJDIR ".libs/"
| /* end confdefs.h.  */
| 
| int
| main (void)
| {
| return 0;
|   ;
|   return 0;
| }
configure:17973: gcc -c -g -O2  -fdiagnostics-show-option -fdiagnostics-color=auto -fno-omit-frame-pointer -funsigned-char -pipe -Wall -W -Wextra -Wformat -Wformat-security -Wimplicit-fallthrough -Wfatal-errors -pedantic  -Wheader-guard   conftest.c >&5
gcc: error: unrecognized command-line option '-Wheader-guard'
configure:17973: $? = 1
configure: failed program was:
| /* confdefs.h */
| #define PACKAGE_NAME "lldpd"
| #define PACKAGE_TARNAME "lldpd"
| #define PACKAGE_VERSION "a3bfd10-dirty"
| #define PACKAGE_STRING "lldpd a3bfd10-dirty"
| #define PACKAGE_BUGREPORT "https://github.com/lldpd/lldpd/issues"
| #define PACKAGE_URL "https://lldpd.github.io/"
| #define PACKAGE "lldpd"
| #define VERSION "a3bfd10-dirty"
| #define HAVE_STDIO_H 1
| #define HAVE_STDLIB_H 1
| #define HAVE_STRING_H 1
| #define HAVE_INTTYPES_H 1
| #define HAVE_STDINT_H 1
| #define HAVE_STRINGS_H 1
| #define HAVE_SYS_STAT_H 1
| #define HAVE_SYS_TYPES_H 1
| #define HAVE_UNISTD_H 1
| #define STDC_HEADERS 1
| #define HAVE_DLFCN_H 1
| #define LT_OBJDIR ".libs/"
| /* end confdefs.h.  */
| 
| int
| main (void)
| {
| return 0;
|   ;
|   return 0;
| }
configure:17988: result: no, unknown
configure:18022: checking CFLAGS for gcc -Wdocumentation
configure:18050: gcc -c -g -O2  -fdiagnostics-show-option -fdiagnostics-color=auto -fno-omit-frame-pointer -funsigned-char -pipe -Wall -W -Wextra -Wformat -Wformat-security -Wimplicit-fallthrough -Wfatal-errors -pedantic -Werror  -Wdocumentation  conftest.c >&5
gcc: error: unrecognized command-line option '-Wdocumentation'
configure:18050: $? = 1
configure: failed program was:
| /* confdefs.h */
| #define PACKAGE_NAME "lldpd"
| #define PACKAGE_TARNAME "lldpd"
| #define PACKAGE_VERSION "a3bfd10-dirty"
| #define PACKAGE_STRING "lldpd a3bfd10-dirty"
| #define PACKAGE_BUGREPORT "https://github.com/lldpd/lldpd/issues"
| #define PACKAGE_URL "https://lldpd.github.io/"
| #define PACKAGE "lldpd"
| #define VERSION "a3bfd10-dirty"
| #define HAVE_STDIO_H 1
| #define HAVE_STDLIB_H 1
| #define HAVE_STRING_H 1
| #define HAVE_INTTYPES_H 1
| #define HAVE_STDINT_H 1
| #define HAVE_STRINGS_H 1
| #define HAVE_SYS_STAT_H 1
| #define HAVE_SYS_TYPES_H 1
| #define HAVE_UNISTD_H 1
| #define STDC_HEADERS 1
| #define HAVE_DLFCN_H 1
| #define LT_OBJDIR ".libs/"
| /* end confdefs.h.  */
| 
| int
| main (void)
| {
| return 0;
|   ;
|   return 0;
| }
configure:18050: gcc -c -g -O2  -fdiagnostics-show-option -fdiagnostics-color=auto -fno-omit-frame-pointer -funsigned-char -pipe -Wall -W -Wextra -Wformat -Wformat-security -Wimplicit-fallthrough -Wfatal-errors -pedantic  -Wdocumentation   conftest.c >&5
gcc: error: unrecognized command-line option '-Wdocumentation'
configure:18050: $? = 1
configure: failed program was:
| /* confdefs.h */
| #define PACKAGE_NAME "lldpd"
| #define PACKAGE_TARNAME "lldpd"
| #define PACKAGE_VERSION "a3bfd10-dirty"
| #define PACKAGE_STRING "lldpd a3bfd10-dirty"
| #define PACKAGE_BUGREPORT "https://github.com/lldpd/lldpd/issues"
| #define PACKAGE_URL "https://lldpd.github.io/"
| #define PACKAGE "lldpd"
| #define VERSION "a3bfd10-dirty"
| #define HAVE_STDIO_H 1
| #define HAVE_STDLIB_H 1
| #define HAVE_STRING_H 1
| #define HAVE_INTTYPES_H 1
| #define HAVE_STDINT_H 1
| #define HAVE_STRINGS_H 1
| #define HAVE_SYS_STAT_H 1
| #define HAVE_SYS_TYPES_H 1
| #define HAVE_UNISTD_H 1
| #define STDC_HEADERS 1
| #define HAVE_DLFCN_H 1
| #define LT_OBJDIR ".libs/"
| /* end confdefs.h.  */
| 
| int
| main (void)
| {
| return 0;
|   ;
|   return 0;
| }
configure:18065: result: no, unknown
configure:18099: checking CFLAGS for gcc -Winline
configure:18127: gcc -c -g -O2  -fdiagnostics-show-option -fdiagnostics-color=auto -fno-omit-frame-pointer -funsigned-char -pipe -Wall -W -Wextra -Wformat -Wformat-security -Wimplicit-fallthrough -Wfatal-errors -pedantic -Werror  -Winline  conftest.c >&5
configure:18127: $? = 0
configure:18142: result: -Winline
configure:18162: : LLDP_CFLAGS="$LLDP_CFLAGS ${ac_res}"
configure:18165: $? = 0
configure:18176: checking CFLAGS for gcc -Wpointer-arith
configure:18204: gcc -c -g -O2  -fdiagnostics-show-option -fdiagnostics-color=auto -fno-omit-frame-pointer -funsigned-char -pipe -Wall -W -Wextra -Wformat -Wformat-security -Wimplicit-fallthrough -Wfatal-errors -Winline -pedantic -Werror  -Wpointer-arith  conftest.c >&5
configure:18204: $? = 0
configure:18219: result: -Wpointer-arith
configure:18239: : LLDP_CFLAGS="$LLDP_CFLAGS ${ac_res}"
configure:18242: $? = 0
configure:18253: checking CFLAGS for gcc -Wmissing-prototypes
configure:18281: gcc -c -g -O2  -fdiagnostics-show-option -fdiagnostics-color=auto -fno-omit-frame-pointer -funsigned-char -pipe -Wall -W -Wextra -Wformat -Wformat-security -Wimplicit-fallthrough -Wfatal-errors -Winline -Wpointer-arith -pedantic -Werror  -Wmissing-prototypes  conftest.c >&5
configure:18281: $? = 0
configure:18296: result: -Wmissing-prototypes
configure:18316: : LLDP_CFLAGS="$LLDP_CFLAGS ${ac_res}"
configure:18319: $? = 0
configure:18330: checking CFLAGS for gcc -Wno-cast-align
configure:18358: gcc -c -g -O2  -fdiagnostics-show-option -fdiagnostics-color=auto -fno-omit-frame-pointer -funsigned-char -pipe -Wall -W -Wextra -Wformat -Wformat-security -Wimplicit-fallthrough -Wfatal-errors -Winline -Wpointer-arith -Wmissing-prototypes -pedantic -Werror  -Wno-cast-align  conftest.c >&5
configure:18358: $? = 0
configure:18373: result: -Wno-cast-align
configure:18393: : LLDP_CFLAGS="$LLDP_CFLAGS ${ac_res}"
configure:18396: $? = 0
configure:18406: checking CFLAGS for gcc -Wno-unused-parameter
configure:18434: gcc -c -g -O2  -fdiagnostics-show-option -fdiagnostics-color=auto -fno-omit-frame-pointer -funsigned-char -pipe -Wall -W -Wextra -Wformat -Wformat-security -Wimplicit-fallthrough -Wfatal-errors -Winline -Wpointer-arith -Wmissing-prototypes -Wno-cast-align -pedantic -Werror  -Wno-unused-parameter  conftest.c >&5
configure:18434: $? = 0
configure:18449: result: -Wno-unused-parameter
configure:18469: : LLDP_CFLAGS="$LLDP_CFLAGS ${ac_res}"
configure:18472: $? = 0
configure:18483: checking CFLAGS for gcc -Wno-missing-field-initializers
configure:18511: gcc -c -g -O2  -fdiagnostics-show-option -fdiagnostics-color=auto -fno-omit-frame-pointer -funsigned-char -pipe -Wall -W -Wextra -Wformat -Wformat-security -Wimplicit-fallthrough -Wfatal-errors -Winline -Wpointer-arith -Wmissing-prototypes -Wno-cast-align -Wno-unused-parameter -pedantic -Werror  -Wno-missing-field-initializers  conftest.c >&5
configure:18511: $? = 0
configure:18526: result: -Wno-missing-field-initializers
configure:18546: : LLDP_CFLAGS="$LLDP_CFLAGS ${ac_res}"
configure:18549: $? = 0
configure:18560: checking CFLAGS for gcc -Wno-sign-compare
configure:18588: gcc -c -g -O2  -fdiagnostics-show-option -fdiagnostics-color=auto -fno-omit-frame-pointer -funsigned-char -pipe -Wall -W -Wextra -Wformat -Wformat-security -Wimplicit-fallthrough -Wfatal-errors -Winline -Wpointer-arith -Wmissing-prototypes -Wno-cast-align -Wno-unused-parameter -Wno-missing-field-initializers -pedantic -Werror  -Wno-sign-compare  conftest.c >&5
configure:18588: $? = 0
configure:18603: result: -Wno-sign-compare
configure:18623: : LLDP_CFLAGS="$LLDP_CFLAGS ${ac_res}"
configure:18626: $? = 0
configure:18642: checking whether the linker accepts the -Wl,-z,relro flag
configure:18673: gcc -o conftest -g -O2  -Werror   -Wl,-z,relro conftest.c  >&5
configure:18673: $? = 0
configure:18698: result: yes
configure:18718: checking whether the linker accepts the -Wl,-z,now flag
configure:18749: gcc -o conftest -g -O2  -Werror   -Wl,-z,relro -Wl,-z,now conftest.c  >&5
configure:18749: $? = 0
configure:18774: result: yes
configure:18790: checking for typeof syntax and keyword spelling
configure:18822: gcc -c -g -O2  conftest.c >&5
configure:18822: $? = 0
configure:18830: result: typeof
configure:18865: checking CFLAGS for gcc -fstack-protector
configure:18893: gcc -c -g -O2  -fdiagnostics-show-option -fdiagnostics-color=auto -fno-omit-frame-pointer -funsigned-char -pipe -Wall -W -Wextra -Wformat -Wformat-security -Wimplicit-fallthrough -Wfatal-errors -Winline -Wpointer-arith -Wmissing-prototypes -Wno-cast-align -Wno-unused-parameter -Wno-missing-field-initializers -Wno-sign-compare -pedantic -Werror  -fstack-protector  conftest.c >&5
configure:18893: $? = 0
configure:18908: result: -fstack-protector
configure:18928: : LLDP_CFLAGS="$LLDP_CFLAGS ${ac_res}"
configure:18931: $? = 0
configure:18942: checking CFLAGS for gcc -fstack-protector-all
configure:18970: gcc -c -g -O2  -fdiagnostics-show-option -fdiagnostics-color=auto -fno-omit-frame-pointer -funsigned-char -pipe -Wall -W -Wextra -Wformat -Wformat-security -Wimplicit-fallthrough -Wfatal-errors -Winline -Wpointer-arith -Wmissing-prototypes -Wno-cast-align -Wno-unused-parameter -Wno-missing-field-initializers -Wno-sign-compare -fstack-protector -pedantic -Werror  -fstack-protector-all  conftest.c >&5
configure:18970: $? = 0
configure:18985: result: -fstack-protector-all
configure:19005: : LLDP_CFLAGS="$LLDP_CFLAGS ${ac_res}"
configure:19008: $? = 0
configure:19019: checking CFLAGS for gcc -fstack-protector-strong
configure:19047: gcc -c -g -O2  -fdiagnostics-show-option -fdiagnostics-color=auto -fno-omit-frame-pointer -funsigned-char -pipe -Wall -W -Wextra -Wformat -Wformat-security -Wimplicit-fallthrough -Wfatal-errors -Winline -Wpointer-arith -Wmissing-prototypes -Wno-cast-align -Wno-unused-parameter -Wno-missing-field-initializers -Wno-sign-compare -fstack-protector -fstack-protector-all -pedantic -Werror  -fstack-protector-strong  conftest.c >&5
configure:19047: $? = 0
configure:19062: result: -fstack-protector-strong
configure:19082: : LLDP_CFLAGS="$LLDP_CFLAGS ${ac_res}"
configure:19085: $? = 0
configure:19096: checking CFLAGS for gcc -fstack-protector-strong
configure:19139: result: -fstack-protector-strong
configure:19152: : LLDP_CFLAGS does contain ${ac_res}
configure:19155: $? = 0
configure:19173: checking CFLAGS for gcc -fstack-clash-protection
configure:19201: gcc -c -g -O2  -fdiagnostics-show-option -fdiagnostics-color=auto -fno-omit-frame-pointer -funsigned-char -pipe -Wall -W -Wextra -Wformat -Wformat-security -Wimplicit-fallthrough -Wfatal-errors -Winline -Wpointer-arith -Wmissing-prototypes -Wno-cast-align -Wno-unused-parameter -Wno-missing-field-initializers -Wno-sign-compare -fstack-protector -fstack-protector-all -fstack-protector-strong -pedantic -Werror  -fstack-clash-protection  conftest.c >&5
configure:19201: $? = 0
configure:19216: result: -fstack-clash-protection
configure:19236: : LLDP_CFLAGS="$LLDP_CFLAGS ${ac_res}"
configure:19239: $? = 0
configure:19250: checking CFLAGS for gcc -D_FORTIFY_SOURCE=2
configure:19278: gcc -c -g -O2  -pedantic -Werror  -D_FORTIFY_SOURCE=2  conftest.c >&5
configure:19278: $? = 0
configure:19293: result: -D_FORTIFY_SOURCE=2
configure:19313: : LLDP_CPPFLAGS="$LLDP_CPPFLAGS ${ac_res}"
configure:19316: $? = 0
configure:19875: checking if host OS is supported
configure:20020: result: yes (Linux)
configure:20025: checking CFLAGS for gcc -D_GNU_SOURCE
configure:20053: gcc -c -g -O2  -D_FORTIFY_SOURCE=2 -pedantic -Werror  -D_GNU_SOURCE  conftest.c >&5
configure:20053: $? = 0
configure:20068: result: -D_GNU_SOURCE
configure:20088: : LLDP_CPPFLAGS="$LLDP_CPPFLAGS ${ac_res}"
configure:20091: $? = 0
configure:20576: checking for sys/types.h
configure:20576: result: yes
configure:20594: checking for netinet/in.h
configure:20594: gcc -c -g -O2  conftest.c >&5
configure:20594: $? = 0
configure:20594: result: yes
configure:20612: checking for arpa/nameser.h
configure:20612: gcc -c -g -O2  conftest.c >&5
configure:20612: $? = 0
configure:20612: result: yes
configure:20630: checking for netdb.h
configure:20630: gcc -c -g -O2  conftest.c >&5
configure:20630: $? = 0
configure:20630: result: yes
configure:20648: checking for resolv.h
configure:20648: gcc -c -g -O2  conftest.c >&5
configure:20648: $? = 0
configure:20648: result: yes
configure:20668: checking for valgrind/valgrind.h
configure:20668: gcc -c -g -O2  conftest.c >&5
conftest.c:58:10: fatal error: valgrind/valgrind.h: No such file or directory
   58 | #include <valgrind/valgrind.h>
      |          ^~~~~~~~~~~~~~~~~~~~~
compilation terminated.
configure:20668: $? = 1
configure: failed program was:
| /* confdefs.h */
| #define PACKAGE_NAME "lldpd"
| #define PACKAGE_TARNAME "lldpd"
| #define PACKAGE_VERSION "a3bfd10-dirty"
| #define PACKAGE_STRING "lldpd a3bfd10-dirty"
| #define PACKAGE_BUGREPORT "https://github.com/lldpd/lldpd/issues"
| #define PACKAGE_URL "https://lldpd.github.io/"
| #define PACKAGE "lldpd"
| #define VERSION "a3bfd10-dirty"
| #define HAVE_STDIO_H 1
| #define HAVE_STDLIB_H 1
| #define HAVE_STRING_H 1
| #define HAVE_INTTYPES_H 1
| #define HAVE_STDINT_H 1
| #define HAVE_STRINGS_H 1
| #define HAVE_SYS_STAT_H 1
| #define HAVE_SYS_TYPES_H 1
| #define HAVE_UNISTD_H 1
| #define STDC_HEADERS 1
| #define HAVE_DLFCN_H 1
| #define LT_OBJDIR ".libs/"
| #define HAVE_TYPEOF 1
| #define HOST_OS_LINUX 1
| #define HAVE_SYS_TYPES_H 1
| #define HAVE_NETINET_IN_H 1
| #define HAVE_ARPA_NAMESER_H 1
| #define HAVE_NETDB_H 1
| #define HAVE_RESOLV_H 1
| /* end confdefs.h.  */
| #include <stddef.h>
| #ifdef HAVE_STDIO_H
| # include <stdio.h>
| #endif
| #ifdef HAVE_STDLIB_H
| # include <stdlib.h>
| #endif
| #ifdef HAVE_STRING_H
| # include <string.h>
| #endif
| #ifdef HAVE_INTTYPES_H
| # include <inttypes.h>
| #endif
| #ifdef HAVE_STDINT_H
| # include <stdint.h>
| #endif
| #ifdef HAVE_STRINGS_H
| # include <strings.h>
| #endif
| #ifdef HAVE_SYS_TYPES_H
| # include <sys/types.h>
| #endif
| #ifdef HAVE_SYS_STAT_H
| # include <sys/stat.h>
| #endif
| #ifdef HAVE_UNISTD_H
| # include <unistd.h>
| #endif
| #include <valgrind/valgrind.h>
configure:20668: result: no
configure:20676: checking for u_int32_t
configure:20676: gcc -c -g -O2  conftest.c >&5
configure:20676: $? = 0
configure:20676: gcc -c -g -O2  conftest.c >&5
conftest.c: In function 'main':
conftest.c:61:24: error: expected expression before ')' token
   61 | if (sizeof ((u_int32_t)))
      |                        ^
configure:20676: $? = 1
configure: failed program was:
| /* confdefs.h */
| #define PACKAGE_NAME "lldpd"
| #define PACKAGE_TARNAME "lldpd"
| #define PACKAGE_VERSION "a3bfd10-dirty"
| #define PACKAGE_STRING "lldpd a3bfd10-dirty"
| #define PACKAGE_BUGREPORT "https://github.com/lldpd/lldpd/issues"
| #define PACKAGE_URL "https://lldpd.github.io/"
| #define PACKAGE "lldpd"
| #define VERSION "a3bfd10-dirty"
| #define HAVE_STDIO_H 1
| #define HAVE_STDLIB_H 1
| #define HAVE_STRING_H 1
| #define HAVE_INTTYPES_H 1
| #define HAVE_STDINT_H 1
| #define HAVE_STRINGS_H 1
| #define HAVE_SYS_STAT_H 1
| #define HAVE_SYS_TYPES_H 1
| #define HAVE_UNISTD_H 1
| #define STDC_HEADERS 1
| #define HAVE_DLFCN_H 1
| #define LT_OBJDIR ".libs/"
| #define HAVE_TYPEOF 1
| #define HOST_OS_LINUX 1
| #define HAVE_SYS_TYPES_H 1
| #define HAVE_NETINET_IN_H 1
| #define HAVE_ARPA_NAMESER_H 1
| #define HAVE_NETDB_H 1
| #define HAVE_RESOLV_H 1
| /* end confdefs.h.  */
| #include <stddef.h>
| #ifdef HAVE_STDIO_H
| # include <stdio.h>
| #endif
| #ifdef HAVE_STDLIB_H
| # include <stdlib.h>
| #endif
| #ifdef HAVE_STRING_H
| # include <string.h>
| #endif
| #ifdef HAVE_INTTYPES_H
| # include <inttypes.h>
| #endif
| #ifdef HAVE_STDINT_H
| # include <stdint.h>
| #endif
| #ifdef HAVE_STRINGS_H
| # include <strings.h>
| #endif
| #ifdef HAVE_SYS_TYPES_H
| # include <sys/types.h>
| #endif
| #ifdef HAVE_SYS_STAT_H
| # include <sys/stat.h>
| #endif
| #ifdef HAVE_UNISTD_H
| # include <unistd.h>
| #endif
| int
| main (void)
| {
| if (sizeof ((u_int32_t)))
| 	    return 0;
|   ;
|   return 0;
| }
configure:20676: result: yes
configure:20684: checking for uint32_t
configure:20684: gcc -c -g -O2  conftest.c >&5
configure:20684: $? = 0
configure:20684: gcc -c -g -O2  conftest.c >&5
conftest.c: In function 'main':
conftest.c:62:23: error: expected expression before ')' token
   62 | if (sizeof ((uint32_t)))
      |                       ^
configure:20684: $? = 1
configure: failed program was:
| /* confdefs.h */
| #define PACKAGE_NAME "lldpd"
| #define PACKAGE_TARNAME "lldpd"
| #define PACKAGE_VERSION "a3bfd10-dirty"
| #define PACKAGE_STRING "lldpd a3bfd10-dirty"
| #define PACKAGE_BUGREPORT "https://github.com/lldpd/lldpd/issues"
| #define PACKAGE_URL "https://lldpd.github.io/"
| #define PACKAGE "lldpd"
| #define VERSION "a3bfd10-dirty"
| #define HAVE_STDIO_H 1
| #define HAVE_STDLIB_H 1
| #define HAVE_STRING_H 1
| #define HAVE_INTTYPES_H 1
| #define HAVE_STDINT_H 1
| #define HAVE_STRINGS_H 1
| #define HAVE_SYS_STAT_H 1
| #define HAVE_SYS_TYPES_H 1
| #define HAVE_UNISTD_H 1
| #define STDC_HEADERS 1
| #define HAVE_DLFCN_H 1
| #define LT_OBJDIR ".libs/"
| #define HAVE_TYPEOF 1
| #define HOST_OS_LINUX 1
| #define HAVE_SYS_TYPES_H 1
| #define HAVE_NETINET_IN_H 1
| #define HAVE_ARPA_NAMESER_H 1
| #define HAVE_NETDB_H 1
| #define HAVE_RESOLV_H 1
| #define HAVE_U_INT32_T 1
| /* end confdefs.h.  */
| #include <stddef.h>
| #ifdef HAVE_STDIO_H
| # include <stdio.h>
| #endif
| #ifdef HAVE_STDLIB_H
| # include <stdlib.h>
| #endif
| #ifdef HAVE_STRING_H
| # include <string.h>
| #endif
| #ifdef HAVE_INTTYPES_H
| # include <inttypes.h>
| #endif
| #ifdef HAVE_STDINT_H
| # include <stdint.h>
| #endif
| #ifdef HAVE_STRINGS_H
| # include <strings.h>
| #endif
| #ifdef HAVE_SYS_TYPES_H
| # include <sys/types.h>
| #endif
| #ifdef HAVE_SYS_STAT_H
| # include <sys/stat.h>
| #endif
| #ifdef HAVE_UNISTD_H
| # include <unistd.h>
| #endif
| int
| main (void)
| {
| if (sizeof ((uint32_t)))
| 	    return 0;
|   ;
|   return 0;
| }
configure:20684: result: yes
configure:20797: checking whether libc defines __progname
configure:20815: gcc -o conftest -g -O2   conftest.c  >&5
configure:20815: $? = 0
configure:20825: result: yes
configure:20837: checking whether compiler understands __alignof__
configure:20855: gcc -c -g -O2  conftest.c >&5
configure:20855: $? = 0
configure:20864: result: yes
configure:20878: checking for GNU libc compatible malloc
configure:20910: gcc -o conftest -g -O2   conftest.c  >&5
configure:20910: $? = 0
configure:20910: ./conftest
configure:20910: $? = 0
configure:20921: result: yes
configure:20943: checking for GNU libc compatible realloc
configure:20975: gcc -o conftest -g -O2   conftest.c  >&5
configure:20975: $? = 0
configure:20975: ./conftest
configure:20975: $? = 0
configure:20986: result: yes
configure:21009: checking for pid_t
configure:21009: gcc -c -g -O2  conftest.c >&5
configure:21009: $? = 0
configure:21009: gcc -c -g -O2  conftest.c >&5
conftest.c: In function 'main':
conftest.c:68:20: error: expected expression before ')' token
   68 | if (sizeof ((pid_t)))
      |                    ^
configure:21009: $? = 1
configure: failed program was:
| /* confdefs.h */
| #define PACKAGE_NAME "lldpd"
| #define PACKAGE_TARNAME "lldpd"
| #define PACKAGE_VERSION "a3bfd10-dirty"
| #define PACKAGE_STRING "lldpd a3bfd10-dirty"
| #define PACKAGE_BUGREPORT "https://github.com/lldpd/lldpd/issues"
| #define PACKAGE_URL "https://lldpd.github.io/"
| #define PACKAGE "lldpd"
| #define VERSION "a3bfd10-dirty"
| #define HAVE_STDIO_H 1
| #define HAVE_STDLIB_H 1
| #define HAVE_STRING_H 1
| #define HAVE_INTTYPES_H 1
| #define HAVE_STDINT_H 1
| #define HAVE_STRINGS_H 1
| #define HAVE_SYS_STAT_H 1
| #define HAVE_SYS_TYPES_H 1
| #define HAVE_UNISTD_H 1
| #define STDC_HEADERS 1
| #define HAVE_DLFCN_H 1
| #define LT_OBJDIR ".libs/"
| #define HAVE_TYPEOF 1
| #define HOST_OS_LINUX 1
| #define HAVE_SYS_TYPES_H 1
| #define HAVE_NETINET_IN_H 1
| #define HAVE_ARPA_NAMESER_H 1
| #define HAVE_NETDB_H 1
| #define HAVE_RESOLV_H 1
| #define HAVE_U_INT32_T 1
| #define HAVE_UINT32_T 1
| #define HAVE___PROGNAME 1
| #define HAVE_ALIGNOF 1
| #define HAVE_MALLOC 1
| #define HAVE_REALLOC 1
| /* end confdefs.h.  */
| #include <stddef.h>
| #ifdef HAVE_STDIO_H
| # include <stdio.h>
| #endif
| #ifdef HAVE_STDLIB_H
| # include <stdlib.h>
| #endif
| #ifdef HAVE_STRING_H
| # include <string.h>
| #endif
| #ifdef HAVE_INTTYPES_H
| # include <inttypes.h>
| #endif
| #ifdef HAVE_STDINT_H
| # include <stdint.h>
| #endif
| #ifdef HAVE_STRINGS_H
| # include <strings.h>
| #endif
| #ifdef HAVE_SYS_TYPES_H
| # include <sys/types.h>
| #endif
| #ifdef HAVE_SYS_STAT_H
| # include <sys/stat.h>
| #endif
| #ifdef HAVE_UNISTD_H
| # include <unistd.h>
| #endif
| 
| int
| main (void)
| {
| if (sizeof ((pid_t)))
| 	    return 0;
|   ;
|   return 0;
| }
configure:21009: result: yes
configure:21050: checking for fork
configure:21050: gcc -o conftest -g -O2   conftest.c  >&5
conftest.c:52:6: warning: conflicting types for built-in function 'fork'; expected 'int(void)' [-Wbuiltin-declaration-mismatch]
   52 | char fork ();
      |      ^~~~
configure:21050: $? = 0
configure:21050: result: yes
configure:21050: checking for vfork
configure:21050: gcc -o conftest -g -O2   conftest.c  >&5
configure:21050: $? = 0
configure:21050: result: yes
configure:21063: checking for working fork
configure:21087: gcc -o conftest -g -O2   conftest.c  >&5
configure:21087: $? = 0
configure:21087: ./conftest
configure:21087: $? = 0
configure:21098: result: yes
configure:21119: checking for working vfork
configure:21248: result: yes
configure:21343: checking for pkg-config
configure:21366: found /usr/bin/pkg-config
configure:21378: result: /usr/bin/pkg-config
configure:21403: checking pkg-config is at least version 0.9.0
configure:21406: result: yes
configure:21419: checking for libbsd-overlay
configure:21426: $PKG_CONFIG --exists --print-errors "libbsd-overlay"
Package libbsd-overlay was not found in the pkg-config search path.
Perhaps you should add the directory containing `libbsd-overlay.pc'
to the PKG_CONFIG_PATH environment variable
Package 'libbsd-overlay', required by 'virtual:world', not found
configure:21429: $? = 1
configure:21443: $PKG_CONFIG --exists --print-errors "libbsd-overlay"
Package libbsd-overlay was not found in the pkg-config search path.
Perhaps you should add the directory containing `libbsd-overlay.pc'
to the PKG_CONFIG_PATH environment variable
Package 'libbsd-overlay', required by 'virtual:world', not found
configure:21446: $? = 1
configure:21460: result: no
Package 'libbsd-overlay', required by 'virtual:world', not found
configure:21564: checking for setproctitle
configure:21564: gcc -o conftest -g -O2   conftest.c  >&5
/usr/bin/ld: /tmp/ccBaSKgT.o: in function `main':
/home/runner/work/lldpd/lldpd/conftest.c:67:(.text.startup+0xb): undefined reference to `setproctitle'
collect2: error: ld returned 1 exit status
configure:21564: $? = 1
configure: failed program was:
| /* confdefs.h */
| #define PACKAGE_NAME "lldpd"
| #define PACKAGE_TARNAME "lldpd"
| #define PACKAGE_VERSION "a3bfd10-dirty"
| #define PACKAGE_STRING "lldpd a3bfd10-dirty"
| #define PACKAGE_BUGREPORT "https://github.com/lldpd/lldpd/issues"
| #define PACKAGE_URL "https://lldpd.github.io/"
| #define PACKAGE "lldpd"
| #define VERSION "a3bfd10-dirty"
| #define HAVE_STDIO_H 1
| #define HAVE_STDLIB_H 1
| #define HAVE_STRING_H 1
| #define HAVE_INTTYPES_H 1
| #define HAVE_STDINT_H 1
| #define HAVE_STRINGS_H 1
| #define HAVE_SYS_STAT_H 1
| #define HAVE_SYS_TYPES_H 1
| #define HAVE_UNISTD_H 1
| #define STDC_HEADERS 1
| #define HAVE_DLFCN_H 1
| #define LT_OBJDIR ".libs/"
| #define HAVE_TYPEOF 1
| #define HOST_OS_LINUX 1
| #define HAVE_SYS_TYPES_H 1
| #define HAVE_NETINET_IN_H 1
| #define HAVE_ARPA_NAMESER_H 1
| #define HAVE_NETDB_H 1
| #define HAVE_RESOLV_H 1
| #define HAVE_U_INT32_T 1
| #define HAVE_UINT32_T 1
| #define HAVE___PROGNAME 1
| #define HAVE_ALIGNOF 1
| #define HAVE_MALLOC 1
| #define HAVE_REALLOC 1
| #define HAVE_FORK 1
| #define HAVE_VFORK 1
| #define HAVE_WORKING_VFORK 1
| #define HAVE_WORKING_FORK 1
| /* end confdefs.h.  */
| /* Define setproctitle to an innocuous variant, in case <limits.h> declares setproctitle.
|    For example, HP-UX 11i <limits.h> declares gettimeofday.  */
| #define setproctitle innocuous_setproctitle
| 
| /* System header to define __stub macros and hopefully few prototypes,
|    which can conflict with char setproctitle (); below.  */
| 
| #include <limits.h>
| #undef setproctitle
| 
| /* Override any GCC internal prototype to avoid an error.
|    Use char because int might match the return type of a GCC
|    builtin and then its argument prototype would still apply.  */
| #ifdef __cplusplus
| extern "C"
| #endif
| char setproctitle ();
| /* The GNU C library defines this for functions which it implements
|     to always fail with ENOSYS.  Some functions are actually named
|     something starting with __ and the normal name is an alias.  */
| #if defined __stub_setproctitle || defined __stub___setproctitle
| choke me
| #endif
| 
| int
| main (void)
| {
| return setproctitle ();
|   ;
|   return 0;
| }
configure:21564: result: no
configure:21578: checking for setproctitle_init
configure:21578: gcc -o conftest -g -O2   conftest.c  >&5
/usr/bin/ld: /tmp/cccBc8GV.o: in function `main':
/home/runner/work/lldpd/lldpd/conftest.c:67:(.text.startup+0xb): undefined reference to `setproctitle_init'
collect2: error: ld returned 1 exit status
configure:21578: $? = 1
configure: failed program was:
| /* confdefs.h */
| #define PACKAGE_NAME "lldpd"
| #define PACKAGE_TARNAME "lldpd"
| #define PACKAGE_VERSION "a3bfd10-dirty"
| #define PACKAGE_STRING "lldpd a3bfd10-dirty"
| #define PACKAGE_BUGREPORT "https://github.com/lldpd/lldpd/issues"
| #define PACKAGE_URL "https://lldpd.github.io/"
| #define PACKAGE "lldpd"
| #define VERSION "a3bfd10-dirty"
| #define HAVE_STDIO_H 1
| #define HAVE_STDLIB_H 1
| #define HAVE_STRING_H 1
| #define HAVE_INTTYPES_H 1
| #define HAVE_STDINT_H 1
| #define HAVE_STRINGS_H 1
| #define HAVE_SYS_STAT_H 1
| #define HAVE_SYS_TYPES_H 1
| #define HAVE_UNISTD_H 1
| #define STDC_HEADERS 1
| #define HAVE_DLFCN_H 1
| #define LT_OBJDIR ".libs/"
| #define HAVE_TYPEOF 1
| #define HOST_OS_LINUX 1
| #define HAVE_SYS_TYPES_H 1
| #define HAVE_NETINET_IN_H 1
| #define HAVE_ARPA_NAMESER_H 1
| #define HAVE_NETDB_H 1
| #define HAVE_RESOLV_H 1
| #define HAVE_U_INT32_T 1
| #define HAVE_UINT32_T 1
| #define HAVE___PROGNAME 1
| #define HAVE_ALIGNOF 1
| #define HAVE_MALLOC 1
| #define HAVE_REALLOC 1
| #define HAVE_FORK 1
| #define HAVE_VFORK 1
| #define HAVE_WORKING_VFORK 1
| #define HAVE_WORKING_FORK 1
| /* end confdefs.h.  */
| /* Define setproctitle_init to an innocuous variant, in case <limits.h> declares setproctitle_init.
|    For example, HP-UX 11i <limits.h> declares gettimeofday.  */
| #define setproctitle_init innocuous_setproctitle_init
| 
| /* System header to define __stub macros and hopefully few prototypes,
|    which can conflict with char setproctitle_init (); below.  */
| 
| #include <limits.h>
| #undef setproctitle_init
| 
| /* Override any GCC internal prototype to avoid an error.
|    Use char because int might match the return type of a GCC
|    builtin and then its argument prototype would still apply.  */
| #ifdef __cplusplus
| extern "C"
| #endif
| char setproctitle_init ();
| /* The GNU C library defines this for functions which it implements
|     to always fail with ENOSYS.  Some functions are actually named
|     something starting with __ and the normal name is an alias.  */
| #if defined __stub_setproctitle_init || defined __stub___setproctitle_init
| choke me
| #endif
| 
| int
| main (void)
| {
| return setproctitle_init ();
|   ;
|   return 0;
| }
configure:21578: result: no
configure:21586: checking for strlcpy
configure:21586: gcc -o conftest -g -O2   conftest.c  >&5
configure:21586: $? = 0
configure:21586: result: yes
configure:21599: checking for strnlen
configure:21599: gcc -o conftest -g -O2   conftest.c  >&5
conftest.c:57:6: warning: conflicting types for built-in function 'strnlen'; expected 'long unsigned int(const char *, long unsigned int)' [-Wbuiltin-declaration-mismatch]
   57 | char strnlen ();
      |      ^~~~~~~
configure:21599: $? = 0
configure:21599: result: yes
configure:21612: checking for strndup
configure:21612: gcc -o conftest -g -O2   conftest.c  >&5
conftest.c:58:6: warning: conflicting types for built-in function 'strndup'; expected 'char *(const char *, long unsigned int)' [-Wbuiltin-declaration-mismatch]
   58 | char strndup ();
      |      ^~~~~~~
configure:21612: $? = 0
configure:21612: result: yes
configure:21625: checking for strtonum
configure:21625: gcc -o conftest -g -O2   conftest.c  >&5
/usr/bin/ld: /tmp/cczo1QWD.o: in function `main':
/home/runner/work/lldpd/lldpd/conftest.c:70:(.text.startup+0xb): undefined reference to `strtonum'
collect2: error: ld returned 1 exit status
configure:21625: $? = 1
configure: failed program was:
| /* confdefs.h */
| #define PACKAGE_NAME "lldpd"
| #define PACKAGE_TARNAME "lldpd"
| #define PACKAGE_VERSION "a3bfd10-dirty"
| #define PACKAGE_STRING "lldpd a3bfd10-dirty"
| #define PACKAGE_BUGREPORT "https://github.com/lldpd/lldpd/issues"
| #define PACKAGE_URL "https://lldpd.github.io/"
| #define PACKAGE "lldpd"
| #define VERSION "a3bfd10-dirty"
| #define HAVE_STDIO_H 1
| #define HAVE_STDLIB_H 1
| #define HAVE_STRING_H 1
| #define HAVE_INTTYPES_H 1
| #define HAVE_STDINT_H 1
| #define HAVE_STRINGS_H 1
| #define HAVE_SYS_STAT_H 1
| #define HAVE_SYS_TYPES_H 1
| #define HAVE_UNISTD_H 1
| #define STDC_HEADERS 1
| #define HAVE_DLFCN_H 1
| #define LT_OBJDIR ".libs/"
| #define HAVE_TYPEOF 1
| #define HOST_OS_LINUX 1
| #define HAVE_SYS_TYPES_H 1
| #define HAVE_NETINET_IN_H 1
| #define HAVE_ARPA_NAMESER_H 1
| #define HAVE_NETDB_H 1
| #define HAVE_RESOLV_H 1
| #define HAVE_U_INT32_T 1
| #define HAVE_UINT32_T 1
| #define HAVE___PROGNAME 1
| #define HAVE_ALIGNOF 1
| #define HAVE_MALLOC 1
| #define HAVE_REALLOC 1
| #define HAVE_FORK 1
| #define HAVE_VFORK 1
| #define HAVE_WORKING_VFORK 1
| #define HAVE_WORKING_FORK 1
| #define HAVE_STRLCPY 1
| #define HAVE_STRNLEN 1
| #define HAVE_STRNDUP 1
| /* end confdefs.h.  */
| /* Define strtonum to an innocuous variant, in case <limits.h> declares strtonum.
|    For example, HP-UX 11i <limits.h> declares gettimeofday.  */
| #define strtonum innocuous_strtonum
| 
| /* System header to define __stub macros and hopefully few prototypes,
|    which can conflict with char strtonum (); below.  */
| 
| #include <limits.h>
| #undef strtonum
| 
| /* Override any GCC internal prototype to avoid an error.
|    Use char because int might match the return type of a GCC
|    builtin and then its argument prototype would still apply.  */
| #ifdef __cplusplus
| extern "C"
| #endif
| char strtonum ();
| /* The GNU C library defines this for functions which it implements
|     to always fail with ENOSYS.  Some functions are actually named
|     something starting with __ and the normal name is an alias.  */
| #if defined __stub_strtonum || defined __stub___strtonum
| choke me
| #endif
| 
| int
| main (void)
| {
| return strtonum ();
|   ;
|   return 0;
| }
configure:21625: result: no
configure:21638: checking for getline
configure:21638: gcc -o conftest -g -O2   conftest.c  >&5
configure:21638: $? = 0
configure:21638: result: yes
configure:21651: checking for asprintf
configure:21651: gcc -o conftest -g -O2   conftest.c  >&5
configure:21651: $? = 0
configure:21651: result: yes
configure:21664: checking for vsyslog
configure:21664: gcc -o conftest -g -O2   conftest.c  >&5
configure:21664: $? = 0
configure:21664: result: yes
configure:21677: checking for daemon
configure:21677: gcc -o conftest -g -O2   conftest.c  >&5
configure:21677: $? = 0
configure:21677: result: yes
configure:21692: checking for setresuid
configure:21692: gcc -o conftest -g -O2   conftest.c  >&5
configure:21692: $? = 0
configure:21692: result: yes
configure:21698: checking for setresgid
configure:21698: gcc -o conftest -g -O2   conftest.c  >&5
configure:21698: $? = 0
configure:21698: result: yes
configure:21709: checking for library containing res_init
configure:21737: gcc -o conftest -g -O2   conftest.c  >&5
configure:21737: $? = 0
configure:21757: result: none required
configure:21851: checking for check >= 0.9.4
configure:21858: $PKG_CONFIG --exists --print-errors "check >= 0.9.4"
Package check was not found in the pkg-config search path.
Perhaps you should add the directory containing `check.pc'
to the PKG_CONFIG_PATH environment variable
Package 'check', required by 'virtual:world', not found
configure:21861: $? = 1
configure:21875: $PKG_CONFIG --exists --print-errors "check >= 0.9.4"
Package check was not found in the pkg-config search path.
Perhaps you should add the directory containing `check.pc'
to the PKG_CONFIG_PATH environment variable
Package 'check', required by 'virtual:world', not found
configure:21878: $? = 1
configure:21892: result: no
Package 'check', required by 'virtual:world', not found
configure:21943: checking for libevent >= 2.0.5
configure:21950: $PKG_CONFIG --exists --print-errors "libevent >= 2.0.5"
Package libevent was not found in the pkg-config search path.
Perhaps you should add the directory containing `libevent.pc'
to the PKG_CONFIG_PATH environment variable
Package 'libevent', required by 'virtual:world', not found
configure:21953: $? = 1
configure:21967: $PKG_CONFIG --exists --print-errors "libevent >= 2.0.5"
Package libevent was not found in the pkg-config search path.
Perhaps you should add the directory containing `libevent.pc'
to the PKG_CONFIG_PATH environment variable
Package 'libevent', required by 'virtual:world', not found
configure:21970: $? = 1
configure:21984: result: no
Package 'libevent', required by 'virtual:world', not found
configure:22005: using shipped libevent
configure:22264: checking for libcap >= 2
configure:22271: $PKG_CONFIG --exists --print-errors "libcap >= 2"
Package libcap was not found in the pkg-config search path.
Perhaps you should add the directory containing `libcap.pc'
to the PKG_CONFIG_PATH environment variable
Package 'libcap', required by 'virtual:world', not found
configure:22274: $? = 1
configure:22288: $PKG_CONFIG --exists --print-errors "libcap >= 2"
Package libcap was not found in the pkg-config search path.
Perhaps you should add the directory containing `libcap.pc'
to the PKG_CONFIG_PATH environment variable
Package 'libcap', required by 'virtual:world', not found
configure:22291: $? = 1
configure:22305: result: no
Package 'libcap', required by 'virtual:world', not found
configure:22326: checking libcap (without pkg-config)
configure:22343: gcc -o conftest -g -O2   conftest.c  -lcap >&5
/usr/bin/ld: cannot find -lcap: No such file or directory
collect2: error: ld returned 1 exit status
configure:22343: $? = 1
configure: failed program was:
| /* confdefs.h */
| #define PACKAGE_NAME "lldpd"
| #define PACKAGE_TARNAME "lldpd"
| #define PACKAGE_VERSION "a3bfd10-dirty"
| #define PACKAGE_STRING "lldpd a3bfd10-dirty"
| #define PACKAGE_BUGREPORT "https://github.com/lldpd/lldpd/issues"
| #define PACKAGE_URL "https://lldpd.github.io/"
| #define PACKAGE "lldpd"
| #define VERSION "a3bfd10-dirty"
| #define HAVE_STDIO_H 1
| #define HAVE_STDLIB_H 1
| #define HAVE_STRING_H 1
| #define HAVE_INTTYPES_H 1
| #define HAVE_STDINT_H 1
| #define HAVE_STRINGS_H 1
| #define HAVE_SYS_STAT_H 1
| #define HAVE_SYS_TYPES_H 1
| #define HAVE_UNISTD_H 1
| #define STDC_HEADERS 1
| #define HAVE_DLFCN_H 1
| #define LT_OBJDIR ".libs/"
| #define HAVE_TYPEOF 1
| #define HOST_OS_LINUX 1
| #define HAVE_SYS_TYPES_H 1
| #define HAVE_NETINET_IN_H 1
| #define HAVE_ARPA_NAMESER_H 1
| #define HAVE_NETDB_H 1
| #define HAVE_RESOLV_H 1
| #define HAVE_U_INT32_T 1
| #define HAVE_UINT32_T 1
| #define HAVE___PROGNAME 1
| #define HAVE_ALIGNOF 1
| #define HAVE_MALLOC 1
| #define HAVE_REALLOC 1
| #define HAVE_FORK 1
| #define HAVE_VFORK 1
| #define HAVE_WORKING_VFORK 1
| #define HAVE_WORKING_FORK 1
| #define HAVE_STRLCPY 1
| #define HAVE_STRNLEN 1
| #define HAVE_STRNDUP 1
| #define HAVE_GETLINE 1
| #define HAVE_ASPRINTF 1
| #define HAVE_VSYSLOG 1
| #define HAVE_DAEMON 1
| #define HAVE_SETRESUID 1
| #define HAVE_SETRESGID 1
| #define HAVE_RES_INIT 1
| /* end confdefs.h.  */
| 
| /* Override any GCC internal prototype to avoid an error.
|    Use char because int might match the return type of a GCC
|    builtin and then its argument prototype would still apply.  */
| char cap_set_proc ();
| int
| main (void)
| {
| return cap_set_proc ();
|   ;
|   return 0;
| }
configure:22355: result: no
configure:22463: checking for readline
configure:22470: $PKG_CONFIG --exists --print-errors "readline"
Package readline was not found in the pkg-config search path.
Perhaps you should add the directory containing `readline.pc'
to the PKG_CONFIG_PATH environment variable
Package 'readline', required by 'virtual:world', not found
configure:22473: $? = 1
configure:22487: $PKG_CONFIG --exists --print-errors "readline"
Package readline was not found in the pkg-config search path.
Perhaps you should add the directory containing `readline.pc'
to the PKG_CONFIG_PATH environment variable
Package 'readline', required by 'virtual:world', not found
configure:22490: $? = 1
configure:22504: result: no
Package 'readline', required by 'virtual:world', not found
configure:22539: checking for libedit
configure:22546: $PKG_CONFIG --exists --print-errors "libedit"
Package libedit was not found in the pkg-config search path.
Perhaps you should add the directory containing `libedit.pc'
to the PKG_CONFIG_PATH environment variable
Package 'libedit', required by 'virtual:world', not found
configure:22549: $? = 1
configure:22563: $PKG_CONFIG --exists --print-errors "libedit"
Package libedit was not found in the pkg-config search path.
Perhaps you should add the directory containing `libedit.pc'
to the PKG_CONFIG_PATH environment variable
Package 'libedit', required by 'virtual:world', not found
configure:22566: $? = 1
configure:22580: result: no
Package 'libedit', required by 'virtual:world', not found
configure:22615: checking for libeditline
configure:22622: $PKG_CONFIG --exists --print-errors "libeditline"
Package libeditline was not found in the pkg-config search path.
Perhaps you should add the directory containing `libeditline.pc'
to the PKG_CONFIG_PATH environment variable
Package 'libeditline', required by 'virtual:world', not found
configure:22625: $? = 1
configure:22639: $PKG_CONFIG --exists --print-errors "libeditline"
Package libeditline was not found in the pkg-config search path.
Perhaps you should add the directory containing `libeditline.pc'
to the PKG_CONFIG_PATH environment variable
Package 'libeditline', required by 'virtual:world', not found
configure:22642: $? = 1
configure:22656: result: no
Package 'libeditline', required by 'virtual:world', not found
configure:22689: checking for a readline compatible library
configure:22726: gcc -o conftest -g -O2   conftest.c  -lreadline >&5
/usr/bin/ld: cannot find -lreadline: No such file or directory
collect2: error: ld returned 1 exit status
configure:22726: $? = 1
configure: failed program was:
| /* confdefs.h */
| #define PACKAGE_NAME "lldpd"
| #define PACKAGE_TARNAME "lldpd"
| #define PACKAGE_VERSION "a3bfd10-dirty"
| #define PACKAGE_STRING "lldpd a3bfd10-dirty"
| #define PACKAGE_BUGREPORT "https://github.com/lldpd/lldpd/issues"
| #define PACKAGE_URL "https://lldpd.github.io/"
| #define PACKAGE "lldpd"
| #define VERSION "a3bfd10-dirty"
| #define HAVE_STDIO_H 1
| #define HAVE_STDLIB_H 1
| #define HAVE_STRING_H 1
| #define HAVE_INTTYPES_H 1
| #define HAVE_STDINT_H 1
| #define HAVE_STRINGS_H 1
| #define HAVE_SYS_STAT_H 1
| #define HAVE_SYS_TYPES_H 1
| #define HAVE_UNISTD_H 1
| #define STDC_HEADERS 1
| #define HAVE_DLFCN_H 1
| #define LT_OBJDIR ".libs/"
| #define HAVE_TYPEOF 1
| #define HOST_OS_LINUX 1
| #define HAVE_SYS_TYPES_H 1
| #define HAVE_NETINET_IN_H 1
| #define HAVE_ARPA_NAMESER_H 1
| #define HAVE_NETDB_H 1
| #define HAVE_RESOLV_H 1
| #define HAVE_U_INT32_T 1
| #define HAVE_UINT32_T 1
| #define HAVE___PROGNAME 1
| #define HAVE_ALIGNOF 1
| #define HAVE_MALLOC 1
| #define HAVE_REALLOC 1
| #define HAVE_FORK 1
| #define HAVE_VFORK 1
| #define HAVE_WORKING_VFORK 1
| #define HAVE_WORKING_FORK 1
| #define HAVE_STRLCPY 1
| #define HAVE_STRNLEN 1
| #define HAVE_STRNDUP 1
| #define HAVE_GETLINE 1
| #define HAVE_ASPRINTF 1
| #define HAVE_VSYSLOG 1
| #define HAVE_DAEMON 1
| #define HAVE_SETRESUID 1
| #define HAVE_SETRESGID 1
| #define HAVE_RES_INIT 1
| /* end confdefs.h.  */
| 
| /* Override any GCC internal prototype to avoid an error.
|    Use char because int might match the return type of a GCC
|    builtin and then its argument prototype would still apply.  */
| char readline ();
| int
| main (void)
| {
| return readline ();
|   ;
|   return 0;
| }
configure:22726: gcc -o conftest -g -O2   conftest.c  -lreadline -ltermcap >&5
/usr/bin/ld: cannot find -lreadline: No such file or directory
collect2: error: ld returned 1 exit status
configure:22726: $? = 1
configure: failed program was:
| /* confdefs.h */
| #define PACKAGE_NAME "lldpd"
| #define PACKAGE_TARNAME "lldpd"
| #define PACKAGE_VERSION "a3bfd10-dirty"
| #define PACKAGE_STRING "lldpd a3bfd10-dirty"
| #define PACKAGE_BUGREPORT "https://github.com/lldpd/lldpd/issues"
| #define PACKAGE_URL "https://lldpd.github.io/"
| #define PACKAGE "lldpd"
| #define VERSION "a3bfd10-dirty"
| #define HAVE_STDIO_H 1
| #define HAVE_STDLIB_H 1
| #define HAVE_STRING_H 1
| #define HAVE_INTTYPES_H 1
| #define HAVE_STDINT_H 1
| #define HAVE_STRINGS_H 1
| #define HAVE_SYS_STAT_H 1
| #define HAVE_SYS_TYPES_H 1
| #define HAVE_UNISTD_H 1
| #define STDC_HEADERS 1
| #define HAVE_DLFCN_H 1
| #define LT_OBJDIR ".libs/"
| #define HAVE_TYPEOF 1
| #define HOST_OS_LINUX 1
| #define HAVE_SYS_TYPES_H 1
| #define HAVE_NETINET_IN_H 1
| #define HAVE_ARPA_NAMESER_H 1
| #define HAVE_NETDB_H 1
| #define HAVE_RESOLV_H 1
| #define HAVE_U_INT32_T 1
| #define HAVE_UINT32_T 1
| #define HAVE___PROGNAME 1
| #define HAVE_ALIGNOF 1
| #define HAVE_MALLOC 1
| #define HAVE_REALLOC 1
| #define HAVE_FORK 1
| #define HAVE_VFORK 1
| #define HAVE_WORKING_VFORK 1
| #define HAVE_WORKING_FORK 1
| #define HAVE_STRLCPY 1
| #define HAVE_STRNLEN 1
| #define HAVE_STRNDUP 1
| #define HAVE_GETLINE 1
| #define HAVE_ASPRINTF 1
| #define HAVE_VSYSLOG 1
| #define HAVE_DAEMON 1
| #define HAVE_SETRESUID 1
| #define HAVE_SETRESGID 1
| #define HAVE_RES_INIT 1
| /* end confdefs.h.  */
| 
| /* Override any GCC internal prototype to avoid an error.
|    Use char because int might match the return type of a GCC
|    builtin and then its argument prototype would still apply.  */
| char readline ();
| int
| main (void)
| {
| return readline ();
|   ;
|   return 0;
| }
configure:22726: gcc -o conftest -g -O2   conftest.c  -lreadline -lcurses >&5
/usr/bin/ld: cannot find -lreadline: No such file or directory
collect2: error: ld returned 1 exit status
configure:22726: $? = 1
configure: failed program was:
| /* confdefs.h */
| #define PACKAGE_NAME "lldpd"
| #define PACKAGE_TARNAME "lldpd"
| #define PACKAGE_VERSION "a3bfd10-dirty"
| #define PACKAGE_STRING "lldpd a3bfd10-dirty"
| #define PACKAGE_BUGREPORT "https://github.com/lldpd/lldpd/issues"
| #define PACKAGE_URL "https://lldpd.github.io/"
| #define PACKAGE "lldpd"
| #define VERSION "a3bfd10-dirty"
| #define HAVE_STDIO_H 1
| #define HAVE_STDLIB_H 1
| #define HAVE_STRING_H 1
| #define HAVE_INTTYPES_H 1
| #define HAVE_STDINT_H 1
| #define HAVE_STRINGS_H 1
| #define HAVE_SYS_STAT_H 1
| #define HAVE_SYS_TYPES_H 1
| #define HAVE_UNISTD_H 1
| #define STDC_HEADERS 1
| #define HAVE_DLFCN_H 1
| #define LT_OBJDIR ".libs/"
| #define HAVE_TYPEOF 1
| #define HOST_OS_LINUX 1
| #define HAVE_SYS_TYPES_H 1
| #define HAVE_NETINET_IN_H 1
| #define HAVE_ARPA_NAMESER_H 1
| #define HAVE_NETDB_H 1
| #define HAVE_RESOLV_H 1
| #define HAVE_U_INT32_T 1
| #define HAVE_UINT32_T 1
| #define HAVE___PROGNAME 1
| #define HAVE_ALIGNOF 1
| #define HAVE_MALLOC 1
| #define HAVE_REALLOC 1
| #define HAVE_FORK 1
| #define HAVE_VFORK 1
| #define HAVE_WORKING_VFORK 1
| #define HAVE_WORKING_FORK 1
| #define HAVE_STRLCPY 1
| #define HAVE_STRNLEN 1
| #define HAVE_STRNDUP 1
| #define HAVE_GETLINE 1
| #define HAVE_ASPRINTF 1
| #define HAVE_VSYSLOG 1
| #define HAVE_DAEMON 1
| #define HAVE_SETRESUID 1
| #define HAVE_SETRESGID 1
| #define HAVE_RES_INIT 1
| /* end confdefs.h.  */
| 
| /* Override any GCC internal prototype to avoid an error.
|    Use char because int might match the return type of a GCC
|    builtin and then its argument prototype would still apply.  */
| char readline ();
| int
| main (void)
| {
| return readline ();
|   ;
|   return 0;
| }
configure:22726: gcc -o conftest -g -O2   conftest.c  -lreadline -lncurses >&5
/usr/bin/ld: cannot find -lreadline: No such file or directory
collect2: error: ld returned 1 exit status
configure:22726: $? = 1
configure: failed program was:
| /* confdefs.h */
| #define PACKAGE_NAME "lldpd"
| #define PACKAGE_TARNAME "lldpd"
| #define PACKAGE_VERSION "a3bfd10-dirty"
| #define PACKAGE_STRING "lldpd a3bfd10-dirty"
| #define PACKAGE_BUGREPORT "https://github.com/lldpd/lldpd/issues"
| #define PACKAGE_URL "https://lldpd.github.io/"
| #define PACKAGE "lldpd"
| #define VERSION "a3bfd10-dirty"
| #define HAVE_STDIO_H 1
| #define HAVE_STDLIB_H 1
| #define HAVE_STRING_H 1
| #define HAVE_INTTYPES_H 1
| #define HAVE_STDINT_H 1
| #define HAVE_STRINGS_H 1
| #define HAVE_SYS_STAT_H 1
| #define HAVE_SYS_TYPES_H 1
| #define HAVE_UNISTD_H 1
| #define STDC_HEADERS 1
| #define HAVE_DLFCN_H 1
| #define LT_OBJDIR ".libs/"
| #define HAVE_TYPEOF 1
| #define HOST_OS_LINUX 1
| #define HAVE_SYS_TYPES_H 1
| #define HAVE_NETINET_IN_H 1
| #define HAVE_ARPA_NAMESER_H 1
| #define HAVE_NETDB_H 1
| #define HAVE_RESOLV_H 1
| #define HAVE_U_INT32_T 1
| #define HAVE_UINT32_T 1
| #define HAVE___PROGNAME 1
| #define HAVE_ALIGNOF 1
| #define HAVE_MALLOC 1
| #define HAVE_REALLOC 1
| #define HAVE_FORK 1
| #define HAVE_VFORK 1
| #define HAVE_WORKING_VFORK 1
| #define HAVE_WORKING_FORK 1
| #define HAVE_STRLCPY 1
| #define HAVE_STRNLEN 1
| #define HAVE_STRNDUP 1
| #define HAVE_GETLINE 1
| #define HAVE_ASPRINTF 1
| #define HAVE_VSYSLOG 1
| #define HAVE_DAEMON 1
| #define HAVE_SETRESUID 1
| #define HAVE_SETRESGID 1
| #define HAVE_RES_INIT 1
| /* end confdefs.h.  */
| 
| /* Override any GCC internal prototype to avoid an error.
|    Use char because int might match the return type of a GCC
|    builtin and then its argument prototype would still apply.  */
| char readline ();
| int
| main (void)
| {
| return readline ();
|   ;
|   return 0;
| }
configure:22726: gcc -o conftest -g -O2   conftest.c  -ledit >&5
/usr/bin/ld: cannot find -ledit: No such file or directory
collect2: error: ld returned 1 exit status
configure:22726: $? = 1
configure: failed program was:
| /* confdefs.h */
| #define PACKAGE_NAME "lldpd"
| #define PACKAGE_TARNAME "lldpd"
| #define PACKAGE_VERSION "a3bfd10-dirty"
| #define PACKAGE_STRING "lldpd a3bfd10-dirty"
| #define PACKAGE_BUGREPORT "https://github.com/lldpd/lldpd/issues"
| #define PACKAGE_URL "https://lldpd.github.io/"
| #define PACKAGE "lldpd"
| #define VERSION "a3bfd10-dirty"
| #define HAVE_STDIO_H 1
| #define HAVE_STDLIB_H 1
| #define HAVE_STRING_H 1
| #define HAVE_INTTYPES_H 1
| #define HAVE_STDINT_H 1
| #define HAVE_STRINGS_H 1
| #define HAVE_SYS_STAT_H 1
| #define HAVE_SYS_TYPES_H 1
| #define HAVE_UNISTD_H 1
| #define STDC_HEADERS 1
| #define HAVE_DLFCN_H 1
| #define LT_OBJDIR ".libs/"
| #define HAVE_TYPEOF 1
| #define HOST_OS_LINUX 1
| #define HAVE_SYS_TYPES_H 1
| #define HAVE_NETINET_IN_H 1
| #define HAVE_ARPA_NAMESER_H 1
| #define HAVE_NETDB_H 1
| #define HAVE_RESOLV_H 1
| #define HAVE_U_INT32_T 1
| #define HAVE_UINT32_T 1
| #define HAVE___PROGNAME 1
| #define HAVE_ALIGNOF 1
| #define HAVE_MALLOC 1
| #define HAVE_REALLOC 1
| #define HAVE_FORK 1
| #define HAVE_VFORK 1
| #define HAVE_WORKING_VFORK 1
| #define HAVE_WORKING_FORK 1
| #define HAVE_STRLCPY 1
| #define HAVE_STRNLEN 1
| #define HAVE_STRNDUP 1
| #define HAVE_GETLINE 1
| #define HAVE_ASPRINTF 1
| #define HAVE_VSYSLOG 1
| #define HAVE_DAEMON 1
| #define HAVE_SETRESUID 1
| #define HAVE_SETRESGID 1
| #define HAVE_RES_INIT 1
| /* end confdefs.h.  */
| 
| /* Override any GCC internal prototype to avoid an error.
|    Use char because int might match the return type of a GCC
|    builtin and then its argument prototype would still apply.  */
| char readline ();
| int
| main (void)
| {
| return readline ();
|   ;
|   return 0;
| }
configure:22726: gcc -o conftest -g -O2   conftest.c  -ledit -ltermcap >&5
/usr/bin/ld: cannot find -ledit: No such file or directory
collect2: error: ld returned 1 exit status
configure:22726: $? = 1
configure: failed program was:
| /* confdefs.h */
| #define PACKAGE_NAME "lldpd"
| #define PACKAGE_TARNAME "lldpd"
| #define PACKAGE_VERSION "a3bfd10-dirty"
| #define PACKAGE_STRING "lldpd a3bfd10-dirty"
| #define PACKAGE_BUGREPORT "https://github.com/lldpd/lldpd/issues"
| #define PACKAGE_URL "https://lldpd.github.io/"
| #define PACKAGE "lldpd"
| #define VERSION "a3bfd10-dirty"
| #define HAVE_STDIO_H 1
| #define HAVE_STDLIB_H 1
| #define HAVE_STRING_H 1
| #define HAVE_INTTYPES_H 1
| #define HAVE_STDINT_H 1
| #define HAVE_STRINGS_H 1
| #define HAVE_SYS_STAT_H 1
| #define HAVE_SYS_TYPES_H 1
| #define HAVE_UNISTD_H 1
| #define STDC_HEADERS 1
| #define HAVE_DLFCN_H 1
| #define LT_OBJDIR ".libs/"
| #define HAVE_TYPEOF 1
| #define HOST_OS_LINUX 1
| #define HAVE_SYS_TYPES_H 1
| #define HAVE_NETINET_IN_H 1
| #define HAVE_ARPA_NAMESER_H 1
| #define HAVE_NETDB_H 1
| #define HAVE_RESOLV_H 1
| #define HAVE_U_INT32_T 1
| #define HAVE_UINT32_T 1
| #define HAVE___PROGNAME 1
| #define HAVE_ALIGNOF 1
| #define HAVE_MALLOC 1
| #define HAVE_REALLOC 1
| #define HAVE_FORK 1
| #define HAVE_VFORK 1
| #define HAVE_WORKING_VFORK 1
| #define HAVE_WORKING_FORK 1
| #define HAVE_STRLCPY 1
| #define HAVE_STRNLEN 1
| #define HAVE_STRNDUP 1
| #define HAVE_GETLINE 1
| #define HAVE_ASPRINTF 1
| #define HAVE_VSYSLOG 1
| #define HAVE_DAEMON 1
| #define HAVE_SETRESUID 1
| #define HAVE_SETRESGID 1
| #define HAVE_RES_INIT 1
| /* end confdefs.h.  */
| 
| /* Override any GCC internal prototype to avoid an error.
|    Use char because int might match the return type of a GCC
|    builtin and then its argument prototype would still apply.  */
| char readline ();
| int
| main (void)
| {
| return readline ();
|   ;
|   return 0;
| }
configure:22726: gcc -o conftest -g -O2   conftest.c  -ledit -lcurses >&5
/usr/bin/ld: cannot find -ledit: No such file or directory
collect2: error: ld returned 1 exit status
configure:22726: $? = 1
configure: failed program was:
| /* confdefs.h */
| #define PACKAGE_NAME "lldpd"
| #define PACKAGE_TARNAME "lldpd"
| #define PACKAGE_VERSION "a3bfd10-dirty"
| #define PACKAGE_STRING "lldpd a3bfd10-dirty"
| #define PACKAGE_BUGREPORT "https://github.com/lldpd/lldpd/issues"
| #define PACKAGE_URL "https://lldpd.github.io/"
| #define PACKAGE "lldpd"
| #define VERSION "a3bfd10-dirty"
| #define HAVE_STDIO_H 1
| #define HAVE_STDLIB_H 1
| #define HAVE_STRING_H 1
| #define HAVE_INTTYPES_H 1
| #define HAVE_STDINT_H 1
| #define HAVE_STRINGS_H 1
| #define HAVE_SYS_STAT_H 1
| #define HAVE_SYS_TYPES_H 1
| #define HAVE_UNISTD_H 1
| #define STDC_HEADERS 1
| #define HAVE_DLFCN_H 1
| #define LT_OBJDIR ".libs/"
| #define HAVE_TYPEOF 1
| #define HOST_OS_LINUX 1
| #define HAVE_SYS_TYPES_H 1
| #define HAVE_NETINET_IN_H 1
| #define HAVE_ARPA_NAMESER_H 1
| #define HAVE_NETDB_H 1
| #define HAVE_RESOLV_H 1
| #define HAVE_U_INT32_T 1
| #define HAVE_UINT32_T 1
| #define HAVE___PROGNAME 1
| #define HAVE_ALIGNOF 1
| #define HAVE_MALLOC 1
| #define HAVE_REALLOC 1
| #define HAVE_FORK 1
| #define HAVE_VFORK 1
| #define HAVE_WORKING_VFORK 1
| #define HAVE_WORKING_FORK 1
| #define HAVE_STRLCPY 1
| #define HAVE_STRNLEN 1
| #define HAVE_STRNDUP 1
| #define HAVE_GETLINE 1
| #define HAVE_ASPRINTF 1
| #define HAVE_VSYSLOG 1
| #define HAVE_DAEMON 1
| #define HAVE_SETRESUID 1
| #define HAVE_SETRESGID 1
| #define HAVE_RES_INIT 1
| /* end confdefs.h.  */
| 
| /* Override any GCC internal prototype to avoid an error.
|    Use char because int might match the return type of a GCC
|    builtin and then its argument prototype would still apply.  */
| char readline ();
| int
| main (void)
| {
| return readline ();
|   ;
|   return 0;
| }
configure:22726: gcc -o conftest -g -O2   conftest.c  -ledit -lncurses >&5
/usr/bin/ld: cannot find -ledit: No such file or directory
collect2: error: ld returned 1 exit status
configure:22726: $? = 1
configure: failed program was:
| /* confdefs.h */
| #define PACKAGE_NAME "lldpd"
| #define PACKAGE_TARNAME "lldpd"
| #define PACKAGE_VERSION "a3bfd10-dirty"
| #define PACKAGE_STRING "lldpd a3bfd10-dirty"
| #define PACKAGE_BUGREPORT "https://github.com/lldpd/lldpd/issues"
| #define PACKAGE_URL "https://lldpd.github.io/"
| #define PACKAGE "lldpd"
| #define VERSION "a3bfd10-dirty"
| #define HAVE_STDIO_H 1
| #define HAVE_STDLIB_H 1
| #define HAVE_STRING_H 1
| #define HAVE_INTTYPES_H 1
| #define HAVE_STDINT_H 1
| #define HAVE_STRINGS_H 1
| #define HAVE_SYS_STAT_H 1
| #define HAVE_SYS_TYPES_H 1
| #define HAVE_UNISTD_H 1
| #define STDC_HEADERS 1
| #define HAVE_DLFCN_H 1
| #define LT_OBJDIR ".libs/"
| #define HAVE_TYPEOF 1
| #define HOST_OS_LINUX 1
| #define HAVE_SYS_TYPES_H 1
| #define HAVE_NETINET_IN_H 1
| #define HAVE_ARPA_NAMESER_H 1
| #define HAVE_NETDB_H 1
| #define HAVE_RESOLV_H 1
| #define HAVE_U_INT32_T 1
| #define HAVE_UINT32_T 1
| #define HAVE___PROGNAME 1
| #define HAVE_ALIGNOF 1
| #define HAVE_MALLOC 1
| #define HAVE_REALLOC 1
| #define HAVE_FORK 1
| #define HAVE_VFORK 1
| #define HAVE_WORKING_VFORK 1
| #define HAVE_WORKING_FORK 1
| #define HAVE_STRLCPY 1
| #define HAVE_STRNLEN 1
| #define HAVE_STRNDUP 1
| #define HAVE_GETLINE 1
| #define HAVE_ASPRINTF 1
| #define HAVE_VSYSLOG 1
| #define HAVE_DAEMON 1
| #define HAVE_SETRESUID 1
| #define HAVE_SETRESGID 1
| #define HAVE_RES_INIT 1
| /* end confdefs.h.  */
| 
| /* Override any GCC internal prototype to avoid an error.
|    Use char because int might match the return type of a GCC
|    builtin and then its argument prototype would still apply.  */
| char readline ();
| int
| main (void)
| {
| return readline ();
|   ;
|   return 0;
| }
configure:22726: gcc -o conftest -g -O2   conftest.c  -leditline >&5
/usr/bin/ld: cannot find -leditline: No such file or directory
collect2: error: ld returned 1 exit status
configure:22726: $? = 1
configure: failed program was:
| /* confdefs.h */
| #define PACKAGE_NAME "lldpd"
| #define PACKAGE_TARNAME "lldpd"
| #define PACKAGE_VERSION "a3bfd10-dirty"
| #define PACKAGE_STRING "lldpd a3bfd10-dirty"
| #define PACKAGE_BUGREPORT "https://github.com/lldpd/lldpd/issues"
| #define PACKAGE_URL "https://lldpd.github.io/"
| #define PACKAGE "lldpd"
| #define VERSION "a3bfd10-dirty"
| #define HAVE_STDIO_H 1
| #define HAVE_STDLIB_H 1
| #define HAVE_STRING_H 1
| #define HAVE_INTTYPES_H 1
| #define HAVE_STDINT_H 1
| #define HAVE_STRINGS_H 1
| #define HAVE_SYS_STAT_H 1
| #define HAVE_SYS_TYPES_H 1
| #define HAVE_UNISTD_H 1
| #define STDC_HEADERS 1
| #define HAVE_DLFCN_H 1
| #define LT_OBJDIR ".libs/"
| #define HAVE_TYPEOF 1
| #define HOST_OS_LINUX 1
| #define HAVE_SYS_TYPES_H 1
| #define HAVE_NETINET_IN_H 1
| #define HAVE_ARPA_NAMESER_H 1
| #define HAVE_NETDB_H 1
| #define HAVE_RESOLV_H 1
| #define HAVE_U_INT32_T 1
| #define HAVE_UINT32_T 1
| #define HAVE___PROGNAME 1
| #define HAVE_ALIGNOF 1
| #define HAVE_MALLOC 1
| #define HAVE_REALLOC 1
| #define HAVE_FORK 1
| #define HAVE_VFORK 1
| #define HAVE_WORKING_VFORK 1
| #define HAVE_WORKING_FORK 1
| #define HAVE_STRLCPY 1
| #define HAVE_STRNLEN 1
| #define HAVE_STRNDUP 1
| #define HAVE_GETLINE 1
| #define HAVE_ASPRINTF 1
| #define HAVE_VSYSLOG 1
| #define HAVE_DAEMON 1
| #define HAVE_SETRESUID 1
| #define HAVE_SETRESGID 1
| #define HAVE_RES_INIT 1
| /* end confdefs.h.  */
| 
| /* Override any GCC internal prototype to avoid an error.
|    Use char because int might match the return type of a GCC
|    builtin and then its argument prototype would still apply.  */
| char readline ();
| int
| main (void)
| {
| return readline ();
|   ;
|   return 0;
| }
configure:22726: gcc -o conftest -g -O2   conftest.c  -leditline -ltermcap >&5
/usr/bin/ld: cannot find -leditline: No such file or directory
collect2: error: ld returned 1 exit status
configure:22726: $? = 1
configure: failed program was:
| /* confdefs.h */
| #define PACKAGE_NAME "lldpd"
| #define PACKAGE_TARNAME "lldpd"
| #define PACKAGE_VERSION "a3bfd10-dirty"
| #define PACKAGE_STRING "lldpd a3bfd10-dirty"
| #define PACKAGE_BUGREPORT "https://github.com/lldpd/lldpd/issues"
| #define PACKAGE_URL "https://lldpd.github.io/"
| #define PACKAGE "lldpd"
| #define VERSION "a3bfd10-dirty"
| #define HAVE_STDIO_H 1
| #define HAVE_STDLIB_H 1
| #define HAVE_STRING_H 1
| #define HAVE_INTTYPES_H 1
| #define HAVE_STDINT_H 1
| #define HAVE_STRINGS_H 1
| #define HAVE_SYS_STAT_H 1
| #define HAVE_SYS_TYPES_H 1
| #define HAVE_UNISTD_H 1
| #define STDC_HEADERS 1
| #define HAVE_DLFCN_H 1
| #define LT_OBJDIR ".libs/"
| #define HAVE_TYPEOF 1
| #define HOST_OS_LINUX 1
| #define HAVE_SYS_TYPES_H 1
| #define HAVE_NETINET_IN_H 1
| #define HAVE_ARPA_NAMESER_H 1
| #define HAVE_NETDB_H 1
| #define HAVE_RESOLV_H 1
| #define HAVE_U_INT32_T 1
| #define HAVE_UINT32_T 1
| #define HAVE___PROGNAME 1
| #define HAVE_ALIGNOF 1
| #define HAVE_MALLOC 1
| #define HAVE_REALLOC 1
| #define HAVE_FORK 1
| #define HAVE_VFORK 1
| #define HAVE_WORKING_VFORK 1
| #define HAVE_WORKING_FORK 1
| #define HAVE_STRLCPY 1
| #define HAVE_STRNLEN 1
| #define HAVE_STRNDUP 1
| #define HAVE_GETLINE 1
| #define HAVE_ASPRINTF 1
| #define HAVE_VSYSLOG 1
| #define HAVE_DAEMON 1
| #define HAVE_SETRESUID 1
| #define HAVE_SETRESGID 1
| #define HAVE_RES_INIT 1
| /* end confdefs.h.  */
| 
| /* Override any GCC internal prototype to avoid an error.
|    Use char because int might match the return type of a GCC
|    builtin and then its argument prototype would still apply.  */
| char readline ();
| int
| main (void)
| {
| return readline ();
|   ;
|   return 0;
| }
configure:22726: gcc -o conftest -g -O2   conftest.c  -leditline -lcurses >&5
/usr/bin/ld: cannot find -leditline: No such file or directory
collect2: error: ld returned 1 exit status
configure:22726: $? = 1
configure: failed program was:
| /* confdefs.h */
| #define PACKAGE_NAME "lldpd"
| #define PACKAGE_TARNAME "lldpd"
| #define PACKAGE_VERSION "a3bfd10-dirty"
| #define PACKAGE_STRING "lldpd a3bfd10-dirty"
| #define PACKAGE_BUGREPORT "https://github.com/lldpd/lldpd/issues"
| #define PACKAGE_URL "https://lldpd.github.io/"
| #define PACKAGE "lldpd"
| #define VERSION "a3bfd10-dirty"
| #define HAVE_STDIO_H 1
| #define HAVE_STDLIB_H 1
| #define HAVE_STRING_H 1
| #define HAVE_INTTYPES_H 1
| #define HAVE_STDINT_H 1
| #define HAVE_STRINGS_H 1
| #define HAVE_SYS_STAT_H 1
| #define HAVE_SYS_TYPES_H 1
| #define HAVE_UNISTD_H 1
| #define STDC_HEADERS 1
| #define HAVE_DLFCN_H 1
| #define LT_OBJDIR ".libs/"
| #define HAVE_TYPEOF 1
| #define HOST_OS_LINUX 1
| #define HAVE_SYS_TYPES_H 1
| #define HAVE_NETINET_IN_H 1
| #define HAVE_ARPA_NAMESER_H 1
| #define HAVE_NETDB_H 1
| #define HAVE_RESOLV_H 1
| #define HAVE_U_INT32_T 1
| #define HAVE_UINT32_T 1
| #define HAVE___PROGNAME 1
| #define HAVE_ALIGNOF 1
| #define HAVE_MALLOC 1
| #define HAVE_REALLOC 1
| #define HAVE_FORK 1
| #define HAVE_VFORK 1
| #define HAVE_WORKING_VFORK 1
| #define HAVE_WORKING_FORK 1
| #define HAVE_STRLCPY 1
| #define HAVE_STRNLEN 1
| #define HAVE_STRNDUP 1
| #define HAVE_GETLINE 1
| #define HAVE_ASPRINTF 1
| #define HAVE_VSYSLOG 1
| #define HAVE_DAEMON 1
| #define HAVE_SETRESUID 1
| #define HAVE_SETRESGID 1
| #define HAVE_RES_INIT 1
| /* end confdefs.h.  */
| 
| /* Override any GCC internal prototype to avoid an error.
|    Use char because int might match the return type of a GCC
|    builtin and then its argument prototype would still apply.  */
| char readline ();
| int
| main (void)
| {
| return readline ();
|   ;
|   return 0;
| }
configure:22726: gcc -o conftest -g -O2   conftest.c  -leditline -lncurses >&5
/usr/bin/ld: cannot find -leditline: No such file or directory
collect2: error: ld returned 1 exit status
configure:22726: $? = 1
configure: failed program was:
| /* confdefs.h */
| #define PACKAGE_NAME "lldpd"
| #define PACKAGE_TARNAME "lldpd"
| #define PACKAGE_VERSION "a3bfd10-dirty"
| #define PACKAGE_STRING "lldpd a3bfd10-dirty"
| #define PACKAGE_BUGREPORT "https://github.com/lldpd/lldpd/issues"
| #define PACKAGE_URL "https://lldpd.github.io/"
| #define PACKAGE "lldpd"
| #define VERSION "a3bfd10-dirty"
| #define HAVE_STDIO_H 1
| #define HAVE_STDLIB_H 1
| #define HAVE_STRING_H 1
| #define HAVE_INTTYPES_H 1
| #define HAVE_STDINT_H 1
| #define HAVE_STRINGS_H 1
| #define HAVE_SYS_STAT_H 1
| #define HAVE_SYS_TYPES_H 1
| #define HAVE_UNISTD_H 1
| #define STDC_HEADERS 1
| #define HAVE_DLFCN_H 1
| #define LT_OBJDIR ".libs/"
| #define HAVE_TYPEOF 1
| #define HOST_OS_LINUX 1
| #define HAVE_SYS_TYPES_H 1
| #define HAVE_NETINET_IN_H 1
| #define HAVE_ARPA_NAMESER_H 1
| #define HAVE_NETDB_H 1
| #define HAVE_RESOLV_H 1
| #define HAVE_U_INT32_T 1
| #define HAVE_UINT32_T 1
| #define HAVE___PROGNAME 1
| #define HAVE_ALIGNOF 1
| #define HAVE_MALLOC 1
| #define HAVE_REALLOC 1
| #define HAVE_FORK 1
| #define HAVE_VFORK 1
| #define HAVE_WORKING_VFORK 1
| #define HAVE_WORKING_FORK 1
| #define HAVE_STRLCPY 1
| #define HAVE_STRNLEN 1
| #define HAVE_STRNDUP 1
| #define HAVE_GETLINE 1
| #define HAVE_ASPRINTF 1
| #define HAVE_VSYSLOG 1
| #define HAVE_DAEMON 1
| #define HAVE_SETRESUID 1
| #define HAVE_SETRESGID 1
| #define HAVE_RES_INIT 1
| /* end confdefs.h.  */
| 
| /* Override any GCC internal prototype to avoid an error.
|    Use char because int might match the return type of a GCC
|    builtin and then its argument prototype would still apply.  */
| char readline ();
| int
| main (void)
| {
| return readline ();
|   ;
|   return 0;
| }
configure:22764: result: no
configure:23215: checking for libxml-2.0
configure:23222: $PKG_CONFIG --exists --print-errors "libxml-2.0"
configure:23225: $? = 0
configure:23239: $PKG_CONFIG --exists --print-errors "libxml-2.0"
configure:23242: $? = 0
configure:23652: result: yes
configure:23675: checking whether to enable use of pre-0.9.2 JSON/json-c format
configure:23688: result: no
configure:24194: checking whether to enable systemtap/DTrace trace support
configure:24207: result: no
configure:24298: checking whether to enable Privilege separation
configure:24303: result: yes
configure:24814: checking whether to enable Cisco Discovery Protocol
configure:24819: result: yes
configure:24841: checking whether to enable Foundry Discovery Protocol
configure:24846: result: yes
configure:24868: checking whether to enable Extreme Discovery Protocol
configure:24873: result: yes
configure:24895: checking whether to enable SynOptics Network Management Protocol
configure:24900: result: yes
configure:24924: checking whether to enable LLDP-MED extension
configure:24929: result: yes
configure:24951: checking whether to enable Dot1 extension (VLAN stuff)
configure:24956: result: yes
configure:24978: checking whether to enable Dot3 extension (PHY stuff)
configure:24983: result: yes
configure:25005: checking whether to enable Custom TLV support
configure:25010: result: yes
configure:25035: checking whether to enable compatibility with Linux kernel older than 2.6.39
configure:25048: result: no
configure:25073: checking for build time
configure:25089: result: 2026-02-28T18:22:32Z
configure:25270: checking that generated files are newer than configure
configure:25276: result: done
configure:25427: creating ./config.status

## ---------------------- ##
## Running config.status. ##
## ---------------------- ##

This file was extended by lldpd config.status a3bfd10-dirty, which was
generated by GNU Autoconf 2.71.  Invocation command line was

  CONFIG_FILES    = 
  CONFIG_HEADERS  = 
  CONFIG_LINKS    = 
  CONFIG_COMMANDS = 
  $ ./config.status 

on runnervmnay03

config.status:1287: creating Makefile
config.status:1287: creating src/Makefile
config.status:1287: creating src/compat/Makefile
config.status:1287: creating src/daemon/Makefile
config.status:1287: creating src/lib/Makefile
config.status:1287: creating src/client/Makefile
config.status:1287: creating tests/Makefile
config.status:1287: creating osx/Makefile
config.status:1287: creating config.h
config.status:1516: executing depfiles commands
config.status:1593: cd src       && sed -e '/# am--include-marker/d' Makefile         | make -f - am--depfiles
config.status:1598: $? = 0
config.status:1593: cd src/compat       && sed -e '/# am--include-marker/d' Makefile         | make -f - am--depfiles
config.status:1598: $? = 0
config.status:1593: cd src/daemon       && sed -e '/# am--include-marker/d' Makefile         | make -f - am--depfiles
config.status:1598: $? = 0
config.status:1593: cd src/lib       && sed -e '/# am--include-marker/d' Makefile         | make -f - am--depfiles
config.status:1598: $? = 0
config.status:1593: cd src/client       && sed -e '/# am--include-marker/d' Makefile         | make -f - am--depfiles
config.status:1598: $? = 0
config.status:1593: cd tests       && sed -e '/# am--include-marker/d' Makefile         | make -f - am--depfiles
config.status:1598: $? = 0
config.status:1516: executing libtool commands

## ---------------- ##
## Cache variables. ##
## ---------------- ##

ac_cv_build=x86_64-pc-linux-gnu
ac_cv_c_compiler_gnu=yes
ac_cv_c_typeof=typeof
ac_cv_cflags_gcc_option__D_FORTIFY_SOURCE_2=-D_FORTIFY_SOURCE=2
ac_cv_cflags_gcc_option__D_GNU_SOURCE=-D_GNU_SOURCE
ac_cv_cflags_gcc_option__W=-W
ac_cv_cflags_gcc_option__Wall=-Wall
ac_cv_cflags_gcc_option__Wdocumentation='no, unknown'
ac_cv_cflags_gcc_option__Wextra=-Wextra
ac_cv_cflags_gcc_option__Wfatal_errors=-Wfatal-errors
ac_cv_cflags_gcc_option__Wformat=-Wformat
ac_cv_cflags_gcc_option__Wformat_security=-Wformat-security
ac_cv_cflags_gcc_option__Wheader_guard='no, unknown'
ac_cv_cflags_gcc_option__Wimplicit_fallthrough=-Wimplicit-fallthrough
ac_cv_cflags_gcc_option__Winline=-Winline
ac_cv_cflags_gcc_option__Wmissing_prototypes=-Wmissing-prototypes
ac_cv_cflags_gcc_option__Wno_cast_align=-Wno-cast-align
ac_cv_cflags_gcc_option__Wno_missing_field_initializers=-Wno-missing-field-initializers
ac_cv_cflags_gcc_option__Wno_sign_compare=-Wno-sign-compare
ac_cv_cflags_gcc_option__Wno_unused_parameter=-Wno-unused-parameter
ac_cv_cflags_gcc_option__Wpointer_arith=-Wpointer-arith
ac_cv_cflags_gcc_option__Wunknown_warning_option='no, unknown'
ac_cv_cflags_gcc_option__fdiagnostics_color_auto=-fdiagnostics-color=auto
ac_cv_cflags_gcc_option__fdiagnostics_show_option=-fdiagnostics-show-option
ac_cv_cflags_gcc_option__fno_omit_frame_pointer=-fno-omit-frame-pointer
ac_cv_cflags_gcc_option__fstack_clash_protection=-fstack-clash-protection
ac_cv_cflags_gcc_option__fstack_protector=-fstack-protector
ac_cv_cflags_gcc_option__fstack_protector_all=-fstack-protector-all
ac_cv_cflags_gcc_option__fstack_protector_strong=-fstack-protector-strong
ac_cv_cflags_gcc_option__funsigned_char=-funsigned-char
ac_cv_cflags_gcc_option__pipe=-pipe
ac_cv_env_CC_set=
ac_cv_env_CC_value=
ac_cv_env_CFLAGS_set=
ac_cv_env_CFLAGS_value=
ac_cv_env_CPPFLAGS_set=
ac_cv_env_CPPFLAGS_value=
ac_cv_env_CPP_set=
ac_cv_env_CPP_value=
ac_cv_env_DOXYGEN_PAPER_SIZE_set=
ac_cv_env_DOXYGEN_PAPER_SIZE_value=
ac_cv_env_LDFLAGS_set=
ac_cv_env_LDFLAGS_value=
ac_cv_env_LIBEDITLINE_CFLAGS_set=
ac_cv_env_LIBEDITLINE_CFLAGS_value=
ac_cv_env_LIBEDITLINE_LIBS_set=
ac_cv_env_LIBEDITLINE_LIBS_value=
ac_cv_env_LIBEDIT_CFLAGS_set=
ac_cv_env_LIBEDIT_CFLAGS_value=
ac_cv_env_LIBEDIT_LIBS_set=
ac_cv_env_LIBEDIT_LIBS_value=
ac_cv_env_LIBS_set=
ac_cv_env_LIBS_value=
ac_cv_env_LT_SYS_LIBRARY_PATH_set=
ac_cv_env_LT_SYS_LIBRARY_PATH_value=
ac_cv_env_PKG_CONFIG_LIBDIR_set=
ac_cv_env_PKG_CONFIG_LIBDIR_value=
ac_cv_env_PKG_CONFIG_PATH_set=
ac_cv_env_PKG_CONFIG_PATH_value=
ac_cv_env_PKG_CONFIG_set=
ac_cv_env_PKG_CONFIG_value=
ac_cv_env_READLINE_CFLAGS_set=
ac_cv_env_READLINE_CFLAGS_value=
ac_cv_env_READLINE_LIBS_set=
ac_cv_env_READLINE_LIBS_value=
ac_cv_env_build_alias_set=
ac_cv_env_build_alias_value=
ac_cv_env_check_CFLAGS_set=
ac_cv_env_check_CFLAGS_value=
ac_cv_env_check_LIBS_set=
ac_cv_env_check_LIBS_value=
ac_cv_env_host_alias_set=
ac_cv_env_host_alias_value=
ac_cv_env_libbsd_CFLAGS_set=
ac_cv_env_libbsd_CFLAGS_value=
ac_cv_env_libbsd_LIBS_set=
ac_cv_env_libbsd_LIBS_value=
ac_cv_env_libcap_CFLAGS_set=
ac_cv_env_libcap_CFLAGS_value=
ac_cv_env_libcap_LIBS_set=
ac_cv_env_libcap_LIBS_value=
ac_cv_env_libevent_CFLAGS_set=
ac_cv_env_libevent_CFLAGS_value=
ac_cv_env_libevent_LIBS_set=
ac_cv_env_libevent_LIBS_value=
ac_cv_env_libseccomp_CFLAGS_set=
ac_cv_env_libseccomp_CFLAGS_value=
ac_cv_env_libseccomp_LIBS_set=
ac_cv_env_libseccomp_LIBS_value=
ac_cv_env_libxml2_CFLAGS_set=
ac_cv_env_libxml2_CFLAGS_value=
ac_cv_env_libxml2_LIBS_set=
ac_cv_env_libxml2_LIBS_value=
ac_cv_env_target_alias_set=
ac_cv_env_target_alias_value=
ac_cv_func_asprintf=yes
ac_cv_func_daemon=yes
ac_cv_func_fork=yes
ac_cv_func_fork_works=yes
ac_cv_func_getline=yes
ac_cv_func_malloc_0_nonnull=yes
ac_cv_func_realloc_0_nonnull=yes
ac_cv_func_setproctitle=no
ac_cv_func_setproctitle_init=no
ac_cv_func_setresgid=yes
ac_cv_func_setresuid=yes
ac_cv_func_strlcpy=yes
ac_cv_func_strndup=yes
ac_cv_func_strnlen=yes
ac_cv_func_strtonum=no
ac_cv_func_vfork=yes
ac_cv_func_vfork_works=yes
ac_cv_func_vsyslog=yes
ac_cv_header_arpa_nameser_h=yes
ac_cv_header_dlfcn_h=yes
ac_cv_header_inttypes_h=yes
ac_cv_header_netdb_h=yes
ac_cv_header_netinet_in_h=yes
ac_cv_header_resolv_h=yes
ac_cv_header_stdint_h=yes
ac_cv_header_stdio_h=yes
ac_cv_header_stdlib_h=yes
ac_cv_header_string_h=yes
ac_cv_header_strings_h=yes
ac_cv_header_sys_stat_h=yes
ac_cv_header_sys_types_h=yes
ac_cv_header_unistd_h=yes
ac_cv_header_valgrind_valgrind_h=no
ac_cv_header_vfork_h=no
ac_cv_host=x86_64-pc-linux-gnu
ac_cv_objext=o
ac_cv_path_EGREP='/usr/bin/grep -E'
ac_cv_path_FGREP='/usr/bin/grep -F'
ac_cv_path_GREP=/usr/bin/grep
ac_cv_path_SED=/usr/bin/sed
ac_cv_path_ac_pt_DX_PERL=/usr/bin/perl
ac_cv_path_ac_pt_PKG_CONFIG=/usr/bin/pkg-config
ac_cv_path_install='/usr/bin/install -c'
ac_cv_path_lt_DD=/usr/bin/dd
ac_cv_path_mkdir=/usr/bin/mkdir
ac_cv_prog_AWK=gawk
ac_cv_prog_CPP='gcc -E'
ac_cv_prog_ac_ct_AR=ar
ac_cv_prog_ac_ct_CC=gcc
ac_cv_prog_ac_ct_FILECMD=file
ac_cv_prog_ac_ct_MANIFEST_TOOL=mt
ac_cv_prog_ac_ct_OBJDUMP=objdump
ac_cv_prog_ac_ct_RANLIB=ranlib
ac_cv_prog_ac_ct_STRIP=strip
ac_cv_prog_cc_c11=
ac_cv_prog_cc_g=yes
ac_cv_prog_cc_stdc=
ac_cv_prog_make_make_set=yes
ac_cv_search_res_init='none required'
ac_cv_type_pid_t=yes
ac_cv_type_u_int32_t=yes
ac_cv_type_uint32_t=yes
am_cv_CC_dependencies_compiler_type=gcc3
am_cv_ar_interface=ar
am_cv_make_support_nested_variables=yes
am_cv_prog_cc_c_o=yes
am_cv_prog_tar_ustar=gnutar
ax_cv_ld_check_flag__Wl__z_now=yes
ax_cv_ld_check_flag__Wl__z_relro=yes
ax_cv_lib_readline=no
lldp_cv_check___progname=yes
lldp_cv_check_alignof=yes
lt_cv_ar_at_file=@
lt_cv_archive_cmds_need_lc=no
lt_cv_deplibs_check_method=pass_all
lt_cv_file_magic_cmd='$MAGIC_CMD'
lt_cv_file_magic_test_file=
lt_cv_ld_reload_flag=-r
lt_cv_nm_interface='BSD nm'
lt_cv_objdir=.libs
lt_cv_path_LD=/usr/bin/ld
lt_cv_path_NM='/usr/bin/nm -B'
lt_cv_path_mainfest_tool=no
lt_cv_prog_compiler_c_o=yes
lt_cv_prog_compiler_pic='-fPIC -DPIC'
lt_cv_prog_compiler_pic_works=yes
lt_cv_prog_compiler_rtti_exceptions=no
lt_cv_prog_compiler_static_works=yes
lt_cv_prog_gnu_ld=yes
lt_cv_sharedlib_from_linklib_cmd='printf %s\n'
lt_cv_shlibpath_overrides_runpath=yes
lt_cv_sys_global_symbol_pipe='/usr/bin/sed -n -e '\''s/^.*[	 ]\([ABCDGIRSTW][ABCDGIRSTW]*\)[	 ][	 ]*\([_A-Za-z][_A-Za-z0-9]*\)$/\1 \2 \2/p'\'' | /usr/bin/sed '\''/ __gnu_lto/d'\'''
lt_cv_sys_global_symbol_to_c_name_address='/usr/bin/sed -n -e '\''s/^: \(.*\) .*$/  {"\1", (void *) 0},/p'\'' -e '\''s/^[ABCDGIRSTW][ABCDGIRSTW]* .* \(.*\)$/  {"\1", (void *) \&\1},/p'\'''
lt_cv_sys_global_symbol_to_c_name_address_lib_prefix='/usr/bin/sed -n -e '\''s/^: \(.*\) .*$/  {"\1", (void *) 0},/p'\'' -e '\''s/^[ABCDGIRSTW][ABCDGIRSTW]* .* \(lib.*\)$/  {"\1", (void *) \&\1},/p'\'' -e '\''s/^[ABCDGIRSTW][ABCDGIRSTW]* .* \(.*\)$/  {"lib\1", (void *) \&\1},/p'\'''
lt_cv_sys_global_symbol_to_cdecl='/usr/bin/sed -n -e '\''s/^T .* \(.*\)$/extern int \1();/p'\'' -e '\''s/^[ABCDGIRSTW][ABCDGIRSTW]* .* \(.*\)$/extern char \1;/p'\'''
lt_cv_sys_global_symbol_to_import=
lt_cv_sys_max_cmd_len=3145728
lt_cv_to_host_file_cmd=func_convert_file_noop
lt_cv_to_tool_file_cmd=func_convert_file_noop
lt_cv_truncate_bin='/usr/bin/dd bs=4096 count=1'
pkg_cv_libxml2_CFLAGS='-I/usr/include/libxml2 '
pkg_cv_libxml2_LIBS='-lxml2 '

## ----------------- ##
## Output variables. ##
## ----------------- ##

ACLOCAL='${SHELL} '\''/home/runner/work/lldpd/lldpd/missing'\'' aclocal-1.16'
AMDEPBACKSLASH='\'
AMDEP_FALSE='#'
AMDEP_TRUE=''
AMTAR='$${TAR-tar}'
AM_BACKSLASH='\'
AM_DEFAULT_V='$(AM_DEFAULT_VERBOSITY)'
AM_DEFAULT_VERBOSITY='1'
AM_V='$(V)'
APPARMORDIR='no'
AR='ar'
AUTOCONF='${SHELL} '\''/home/runner/work/lldpd/lldpd/missing'\'' autoconf'
AUTOHEADER='${SHELL} '\''/home/runner/work/lldpd/lldpd/missing'\'' autoheader'
AUTOMAKE='${SHELL} '\''/home/runner/work/lldpd/lldpd/missing'\'' automake-1.16'
AWK='gawk'
CC='gcc'
CCDEPMODE='depmode=gcc3'
CFLAGS='-g -O2'
CONFIGURE_ARGS=' '\''--prefix=/usr'\'' '\''--disable-silent-rules'\'''
CPP='gcc -E'
CPPFLAGS=''
CSCOPE='cscope'
CTAGS='ctags'
CYGPATH_W='echo'
DEFS='-DHAVE_CONFIG_H'
DEPDIR='.deps'
DLLTOOL='false'
DOXYGEN_PAPER_SIZE=''
DSYMUTIL=''
DTRACE=''
DUMPBIN=''
DX_COND_chi_FALSE=''
DX_COND_chi_TRUE='#'
DX_COND_chm_FALSE=''
DX_COND_chm_TRUE='#'
DX_COND_doc_FALSE=''
DX_COND_doc_TRUE='#'
DX_COND_dot_FALSE=''
DX_COND_dot_TRUE='#'
DX_COND_html_FALSE=''
DX_COND_html_TRUE='#'
DX_COND_latex_FALSE=''
DX_COND_latex_TRUE='#'
DX_COND_man_FALSE=''
DX_COND_man_TRUE='#'
DX_COND_pdf_FALSE=''
DX_COND_pdf_TRUE='#'
DX_COND_ps_FALSE=''
DX_COND_ps_TRUE='#'
DX_COND_rtf_FALSE=''
DX_COND_rtf_TRUE='#'
DX_COND_xml_FALSE=''
DX_COND_xml_TRUE='#'
DX_CONFIG='doxygen.cfg'
DX_DOCDIR='doxygen'
DX_DOT=''
DX_DOXYGEN=''
DX_DVIPS=''
DX_EGREP=''
DX_ENV=' SRCDIR='\''.'\'' PROJECT='\''lldpd'\'' DOCDIR='\''doxygen'\'' VERSION='\''a3bfd10-dirty'\'' HAVE_DOT='\''NO'\'' GENERATE_MAN='\''NO'\'' GENERATE_RTF='\''NO'\'' GENERATE_XML='\''NO'\'' GENERATE_HTMLHELP='\''NO'\'' GENERATE_CHI='\''NO'\'' GENERATE_HTML='\''NO'\'' GENERATE_LATEX='\''NO'\'''
DX_FLAG_chi='0'
DX_FLAG_chm='0'
DX_FLAG_doc='0'
DX_FLAG_dot='0'
DX_FLAG_html='0'
DX_FLAG_man='0'
DX_FLAG_pdf='0'
DX_FLAG_ps='0'
DX_FLAG_rtf='0'
DX_FLAG_xml='0'
DX_HHC=''
DX_LATEX=''
DX_MAKEINDEX=''
DX_PDFLATEX=''
DX_PERL='/usr/bin/perl'
DX_PROJECT='lldpd'
ECHO_C=''
ECHO_N='-n'
ECHO_T=''
EGREP='/usr/bin/grep -E'
ENABLE_FUZZ_DECODE_FALSE=''
ENABLE_FUZZ_DECODE_TRUE='#'
ENABLE_SYSTEMTAP_FALSE=''
ENABLE_SYSTEMTAP_TRUE='#'
ETAGS='etags'
EXEEXT=''
FGREP='/usr/bin/grep -F'
FILECMD='file'
FUZZ_DECODE_ENGINE=''
GREP='/usr/bin/grep'
HAVE_APPARMORDIR_FALSE=''
HAVE_APPARMORDIR_TRUE='#'
HAVE_CHECK_FALSE=''
HAVE_CHECK_TRUE='#'
HAVE_LAUNCHDDAEMONSDIR_FALSE='#'
HAVE_LAUNCHDDAEMONSDIR_TRUE=''
HAVE_LD_VERSION_SCRIPT_FALSE='#'
HAVE_LD_VERSION_SCRIPT_TRUE=''
HAVE_SYSTEMDSYSTEMUNITDIR_FALSE='#'
HAVE_SYSTEMDSYSTEMUNITDIR_TRUE=''
HAVE_SYSUSERSDIR_FALSE='#'
HAVE_SYSUSERSDIR_TRUE=''
HOST_OS_DRAGONFLY_FALSE=''
HOST_OS_DRAGONFLY_TRUE='#'
HOST_OS_FREEBSD_FALSE=''
HOST_OS_FREEBSD_TRUE='#'
HOST_OS_LINUX_FALSE='#'
HOST_OS_LINUX_TRUE=''
HOST_OS_NETBSD_FALSE=''
HOST_OS_NETBSD_TRUE='#'
HOST_OS_OPENBSD_FALSE=''
HOST_OS_OPENBSD_TRUE='#'
HOST_OS_OSX_FALSE=''
HOST_OS_OSX_TRUE='#'
HOST_OS_SOLARIS_FALSE=''
HOST_OS_SOLARIS_TRUE='#'
INSTALL_DATA='${INSTALL} -m 644'
INSTALL_PROGRAM='${INSTALL}'
INSTALL_SCRIPT='${INSTALL}'
INSTALL_STRIP_PROGRAM='$(install_sh) -c -s'
LAUNCHDDAEMONSDIR='/Library/LaunchDaemons'
LD='/usr/bin/ld -m elf_x86_64'
LDFLAGS=''
LIBEDITLINE_CFLAGS=''
LIBEDITLINE_LIBS=''
LIBEDIT_CFLAGS=''
LIBEDIT_LIBS=''
LIBEVENT_EMBEDDED_FALSE='#'
LIBEVENT_EMBEDDED_TRUE=''
LIBOBJS=' ${LIBOBJDIR}setproctitle$U.o ${LIBOBJDIR}strtonum$U.o'
LIBS=''
LIBTOOL='$(SHELL) $(top_builddir)/libtool'
LIPO=''
LLDPD_CTL_SOCKET='/usr/var/run/lldpd.socket'
LLDPD_PID_FILE='/usr/var/run/lldpd.pid'
LLDP_BIN_LDFLAGS=''
LLDP_CFLAGS=' -fdiagnostics-show-option -fdiagnostics-color=auto -fno-omit-frame-pointer -funsigned-char -pipe -Wall -W -Wextra -Wformat -Wformat-security -Wimplicit-fallthrough -Wfatal-errors -Winline -Wpointer-arith -Wmissing-prototypes -Wno-cast-align -Wno-unused-parameter -Wno-missing-field-initializers -Wno-sign-compare -fstack-protector -fstack-protector-all -fstack-protector-strong -fstack-clash-protection'
LLDP_CPPFLAGS=' -D_FORTIFY_SOURCE=2 -D_GNU_SOURCE'
LLDP_LDFLAGS=' -Wl,-z,relro -Wl,-z,now'
LN_S='ln -s'
LTLIBOBJS=' ${LIBOBJDIR}setproctitle$U.lo ${LIBOBJDIR}strtonum$U.lo'
LT_SYS_LIBRARY_PATH=''
MAINT='#'
MAINTAINER_MODE_FALSE=''
MAINTAINER_MODE_TRUE='#'
MAKEINFO='${SHELL} '\''/home/runner/work/lldpd/lldpd/missing'\'' makeinfo'
MANIFEST_TOOL=':'
MKDIR_P='/usr/bin/mkdir -p'
NETLINK_MAX_RECEIVE_BUFSIZE='1024*1024'
NETLINK_RECEIVE_BUFSIZE='0'
NETLINK_SEND_BUFSIZE='0'
NETSNMP_CFLAGS=''
NETSNMP_CONFIG=''
NETSNMP_LIBS=''
NM='/usr/bin/nm -B'
NMEDIT=''
OBJDUMP='objdump'
OBJEXT='o'
OTOOL64=''
OTOOL=''
PACKAGE='lldpd'
PACKAGE_BUGREPORT='https://github.com/lldpd/lldpd/issues'
PACKAGE_NAME='lldpd'
PACKAGE_STRING='lldpd a3bfd10-dirty'
PACKAGE_TARNAME='lldpd'
PACKAGE_URL='https://lldpd.github.io/'
PACKAGE_VERSION='a3bfd10-dirty'
PATH_SEPARATOR=':'
PKG_CONFIG='/usr/bin/pkg-config'
PKG_CONFIG_LIBDIR=''
PKG_CONFIG_PATH=''
PRIVSEP_CHROOT='/usr/var/run/lldpd'
PRIVSEP_GROUP='_lldpd'
PRIVSEP_USER='_lldpd'
RANLIB='ranlib'
READLINE_CFLAGS=''
READLINE_LIBS=''
SED='/usr/bin/sed'
SET_MAKE=''
SHELL='/bin/bash'
STRIP='strip'
SYSTEMDSYSTEMUNITDIR='/usr/lib/systemd/system'
SYSUSERSDIR='/usr/lib/sysusers.d'
USE_SECCOMP_FALSE=''
USE_SECCOMP_TRUE='#'
USE_SNMP_FALSE=''
USE_SNMP_TRUE='#'
USE_XML_FALSE='#'
USE_XML_TRUE=''
VERSION='a3bfd10-dirty'
XML2_CONFIG=''
ac_ct_AR='ar'
ac_ct_CC='gcc'
ac_ct_DUMPBIN=''
am__EXEEXT_FALSE=''
am__EXEEXT_TRUE='#'
am__fastdepCC_FALSE='#'
am__fastdepCC_TRUE=''
am__include='include'
am__isrc=''
am__leading_dot='.'
am__nodep='_no'
am__quote=''
am__tar='tar --format=ustar -chf - "$$tardir"'
am__untar='tar -xf -'
apparmordir='no'
bindir='${exec_prefix}/bin'
build='x86_64-pc-linux-gnu'
build_alias=''
build_cpu='x86_64'
build_os='linux-gnu'
build_vendor='pc'
check_CFLAGS=''
check_LIBS=''
datadir='${datarootdir}'
datarootdir='${prefix}/share'
docdir='${datarootdir}/doc/${PACKAGE_TARNAME}'
dvidir='${docdir}'
exec_prefix='${prefix}'
host='x86_64-pc-linux-gnu'
host_alias=''
host_cpu='x86_64'
host_os='linux-gnu'
host_vendor='pc'
htmldir='${docdir}'
includedir='${prefix}/include'
infodir='${datarootdir}/info'
install_sh='${SHELL} /home/runner/work/lldpd/lldpd/install-sh'
launchddaemonsdir='/Library/LaunchDaemons'
libbsd_CFLAGS=''
libbsd_LIBS=''
libcap_CFLAGS=''
libcap_LIBS=''
libdir='${exec_prefix}/lib'
libevent_CFLAGS='-I$(top_srcdir)/libevent/include -I$(top_builddir)/libevent/include'
libevent_LDFLAGS='$(top_builddir)/libevent/libevent.la'
libevent_LIBS=''
libexecdir='${exec_prefix}/libexec'
libseccomp_CFLAGS=''
libseccomp_LIBS=''
libxml2_CFLAGS='-I/usr/include/libxml2 '
libxml2_LIBS='-lxml2 '
localedir='${datarootdir}/locale'
localstatedir='${prefix}/var'
mandir='${datarootdir}/man'
mkdir_p='$(MKDIR_P)'
oldincludedir='/usr/include'
pdfdir='${docdir}'
pkgconfigdir='${libdir}/pkgconfig'
prefix='/usr'
program_transform_name='s,x,x,'
psdir='${docdir}'
runstatedir='${localstatedir}/run'
sbindir='${exec_prefix}/sbin'
sharedstatedir='${prefix}/com'
sysconfdir='${prefix}/etc'
systemdsystemunitdir='/usr/lib/systemd/system'
sysusersdir='/usr/lib/sysusers.d'
target_alias=''

## ----------- ##
## confdefs.h. ##
## ----------- ##

/* confdefs.h */
#define PACKAGE_NAME "lldpd"
#define PACKAGE_TARNAME "lldpd"
#define PACKAGE_VERSION "a3bfd10-dirty"
#define PACKAGE_STRING "lldpd a3bfd10-dirty"
#define PACKAGE_BUGREPORT "https://github.com/lldpd/lldpd/issues"
#define PACKAGE_URL "https://lldpd.github.io/"
#define PACKAGE "lldpd"
#define VERSION "a3bfd10-dirty"
#define HAVE_STDIO_H 1
#define HAVE_STDLIB_H 1
#define HAVE_STRING_H 1
#define HAVE_INTTYPES_H 1
#define HAVE_STDINT_H 1
#define HAVE_STRINGS_H 1
#define HAVE_SYS_STAT_H 1
#define HAVE_SYS_TYPES_H 1
#define HAVE_UNISTD_H 1
#define STDC_HEADERS 1
#define HAVE_DLFCN_H 1
#define LT_OBJDIR ".libs/"
#define HAVE_TYPEOF 1
#define HOST_OS_LINUX 1
#define HAVE_SYS_TYPES_H 1
#define HAVE_NETINET_IN_H 1
#define HAVE_ARPA_NAMESER_H 1
#define HAVE_NETDB_H 1
#define HAVE_RESOLV_H 1
#define HAVE_U_INT32_T 1
#define HAVE_UINT32_T 1
#define HAVE___PROGNAME 1
#define HAVE_ALIGNOF 1
#define HAVE_MALLOC 1
#define HAVE_REALLOC 1
#define HAVE_FORK 1
#define HAVE_VFORK 1
#define HAVE_WORKING_VFORK 1
#define HAVE_WORKING_FORK 1
#define HAVE_STRLCPY 1
#define HAVE_STRNLEN 1
#define HAVE_STRNDUP 1
#define HAVE_GETLINE 1
#define HAVE_ASPRINTF 1
#define HAVE_VSYSLOG 1
#define HAVE_DAEMON 1
#define HAVE_SETRESUID 1
#define HAVE_SETRESGID 1
#define HAVE_RES_INIT 1
#define USE_XML 1
#define LAUNCHDDAEMONSDIR "/Library/LaunchDaemons"
#define SYSTEMDSYSTEMUNITDIR "/usr/lib/systemd/system"
#define SYSUSERSDIR "/usr/lib/sysusers.d"
#define APPARMORDIR "no"
#define ENABLE_PRIVSEP /**/
#define PRIVSEP_USER "_lldpd"
#define PRIVSEP_GROUP "_lldpd"
#define PRIVSEP_CHROOT "/usr/var/run/lldpd"
#define LLDPD_CTL_SOCKET "/usr/var/run/lldpd.socket"
#define LLDPD_PID_FILE "/usr/var/run/lldpd.pid"
#define NETLINK_MAX_RECEIVE_BUFSIZE 1024*1024
#define NETLINK_RECEIVE_BUFSIZE 0
#define NETLINK_SEND_BUFSIZE 0
#define ENABLE_CDP /**/
#define ENABLE_FDP /**/
#define ENABLE_EDP /**/
#define ENABLE_SONMP /**/
#define ENABLE_LLDPMED /**/
#define ENABLE_DOT1 /**/
#define ENABLE_DOT3 /**/
#define ENABLE_CUSTOM /**/
#define MIN_LINUX_KERNEL_VERSION "2.6.39"
#define BUILD_DATE "2026-02-28T18:22:32Z"
#define LLDP_CC "gcc  -fdiagnostics-show-option -fdiagnostics-color=auto -fno-omit-frame-pointer -funsigned-char -pipe -Wall -W -Wextra -Wformat -Wformat-security -Wimplicit-fallthrough -Wfatal-errors -Winline -Wpointer-arith -Wmissing-prototypes -Wno-cast-align -Wno-unused-parameter -Wno-missing-field-initializers -Wno-sign-compare -fstack-protector -fstack-protector-all -fstack-protector-strong -fstack-clash-protection  -D_FORTIFY_SOURCE=2 -D_GNU_SOURCE -g -O2 "
#define LLDP_LD "/usr/bin/ld -m elf_x86_64  -Wl,-z,relro -Wl,-z,now   "

configure: exit 0
